{"type":"FeatureCollection","features":[{"type":"Feature","properties":{},"geometry":{"type":"MultiPolygon","coordinates":[[[[68.1238,23.6129],[68.1263,23.6096],[68.1835,23.5947],[68.2299,23.5966],[68.2317,23.5927],[68.2639,23.5885],[68.2679,23.5969],[68.2863,23.589],[68.2904,23.5967],[68.2966,23.594],[68.2943,23.5871],[68.2975,23.5822],[68.3061,23.5789],[68.302,23.5945],[68.3042,23.5978],[68.3118,23.581],[68.3215,23.5794],[68.3296,23.5836],[68.3314,23.589],[68.3394,23.5955],[68.3345,23.6007],[68.351,23.6197],[68.3433,23.6233],[68.3528,23.6407],[68.3729,23.6548],[68.3898,23.6889],[68.4272,23.7247],[68.4252,23.7283],[68.4135,23.7324],[68.4131,23.7371],[68.4196,23.7458],[68.4246,23.7605],[68.4295,23.7632],[68.4182,23.7356],[68.4196,23.7324],[68.432,23.7283],[68.438,23.7338],[68.4535,23.737],[68.462,23.731],[68.4677,23.7376],[68.4705,23.7331],[68.5059,23.7407],[68.5161,23.7448],[68.5164,23.7499],[68.5203,23.7523],[68.5278,23.7504],[68.5534,23.7596],[68.561,23.7658],[68.5819,23.7714],[68.5928,23.8005],[68.587,23.8092],[68.5937,23.8289],[68.5969,23.8295],[68.6004,23.8243],[68.5995,23.8188],[68.5941,23.8136],[68.5974,23.8088],[68.6309,23.8368],[68.6973,23.8406],[68.7105,23.8451],[68.7163,23.855],[68.7193,23.8482],[68.7243,23.8485],[68.7375,23.8578],[68.7416,23.8732],[68.7518,23.8828],[68.7627,23.8822],[68.7704,23.8741],[68.7729,23.8799],[68.779,23.8822],[68.8029,23.8828],[68.8098,23.8803],[68.8019,23.8719],[68.7913,23.8734],[68.767,23.859],[68.7609,23.8417],[68.7431,23.8391],[68.7077,23.8241],[68.7082,23.8176],[68.6991,23.8225],[68.6888,23.8205],[68.6734,23.8119],[68.6567,23.8128],[68.625,23.7682],[68.6256,23.7605],[68.6186,23.7579],[68.6193,23.7502],[68.6094,23.7512],[68.6005,23.7419],[68.5757,23.7275],[68.5548,23.7196],[68.5454,23.7001],[68.5249,23.6874],[68.508,23.6722],[68.4944,23.6678],[68.4811,23.6682],[68.4518,23.6588],[68.4449,23.6419],[68.4588,23.6304],[68.4709,23.6286],[68.4761,23.6409],[68.4798,23.6447],[68.4862,23.6454],[68.4889,23.6407],[68.4816,23.6269],[68.4805,23.6174],[68.4771,23.6271],[68.4736,23.6275],[68.4697,23.6183],[68.4635,23.6183],[68.4556,23.627],[68.4284,23.6395],[68.4135,23.6344],[68.4004,23.6131],[68.4019,23.5954],[68.4081,23.5852],[68.4077,23.5581],[68.4032,23.5418],[68.4042,23.5236],[68.3965,23.5031],[68.4004,23.484],[68.409,23.4849],[68.4097,23.4974],[68.4118,23.4976],[68.4146,23.4879],[68.4206,23.4902],[68.4396,23.5112],[68.4406,23.5191],[68.4313,23.5343],[68.4343,23.537],[68.4404,23.5338],[68.4446,23.5375],[68.4483,23.5355],[68.443,23.5288],[68.4517,23.5127],[68.4564,23.5097],[68.4689,23.5164],[68.4796,23.5174],[68.4774,23.5121],[68.4669,23.509],[68.4626,23.5016],[68.4441,23.5004],[68.4234,23.4793],[68.4229,23.4763],[68.4281,23.4741],[68.4402,23.478],[68.4383,23.4724],[68.4439,23.4684],[68.4348,23.4683],[68.4298,23.4629],[68.4171,23.4629],[68.4159,23.4561],[68.4248,23.4445],[68.4198,23.4411],[68.4164,23.4429],[68.4112,23.4351],[68.4316,23.4248],[68.4351,23.4264],[68.4332,23.4317],[68.439,23.4401],[68.4463,23.4397],[68.4492,23.4469],[68.4548,23.4451],[68.4522,23.4328],[68.4551,23.4295],[68.4468,23.4184],[68.4471,23.408],[68.4512,23.4019],[68.4678,23.3938],[68.4853,23.3967],[68.4884,23.4534],[68.482,23.4748],[68.4922,23.4766],[68.489,23.4697],[68.4949,23.4521],[68.4924,23.4468],[68.4918,23.4133],[68.5018,23.4118],[68.5126,23.4176],[68.5212,23.4289],[68.5228,23.4182],[68.5339,23.4149],[68.5292,23.4117],[68.5464,23.4004],[68.5286,23.4081],[68.5176,23.4078],[68.5136,23.397],[68.5065,23.3925],[68.5032,23.3803],[68.4982,23.3811],[68.4961,23.3741],[68.4993,23.3678],[68.51,23.3687],[68.5166,23.3782],[68.5175,23.3725],[68.5121,23.3666],[68.5227,23.3596],[68.5515,23.3544],[68.5573,23.3592],[68.561,23.3728],[68.5807,23.3731],[68.5773,23.3704],[68.5673,23.372],[68.5618,23.3654],[68.5557,23.3496],[68.5576,23.3365],[68.592,23.3341],[68.6018,23.3259],[68.6105,23.3247],[68.6156,23.3309],[68.6194,23.3274],[68.6128,23.3216],[68.5799,23.3266],[68.5772,23.3173],[68.5815,23.3089],[68.5713,23.3169],[68.5649,23.316],[68.5736,23.3084],[68.5765,23.3015],[68.5573,23.3149],[68.5514,23.3082],[68.5418,23.3037],[68.5394,23.2958],[68.5307,23.2875],[68.5291,23.2721],[68.532,23.2676],[68.5438,23.2653],[68.5512,23.258],[68.5644,23.2604],[68.5912,23.2523],[68.608,23.2655],[68.6107,23.2645],[68.6001,23.2511],[68.6026,23.249],[68.6131,23.2575],[68.6164,23.2733],[68.6093,23.2857],[68.6129,23.2922],[68.629,23.3001],[68.632,23.2982],[68.6186,23.2897],[68.617,23.2795],[68.6209,23.2683],[68.62,23.2596],[68.6234,23.2541],[68.604,23.2437],[68.6027,23.2368],[68.5955,23.2379],[68.5929,23.2429],[68.5809,23.2432],[68.5775,23.2344],[68.5817,23.226],[68.6297,23.1825],[68.6374,23.1883],[68.6511,23.1882],[68.6519,23.1835],[68.6395,23.179],[68.6485,23.1687],[68.652,23.1596],[68.6321,23.1776],[68.6304,23.1733],[68.6491,23.1575],[68.678,23.1416],[68.7279,23.1075],[68.7614,23.0787],[68.7758,23.0761],[68.8117,23.0614],[68.8123,23.0687],[68.8095,23.073],[68.8151,23.077],[68.8161,23.0625],[68.8236,23.0555],[68.8271,23.0581],[68.8389,23.056],[68.8386,23.0502],[68.8435,23.0538],[68.8455,23.047],[68.8369,23.0462],[68.8622,23.0319],[68.8841,23.039],[68.8833,23.0501],[68.8748,23.0543],[68.8872,23.0667],[68.8882,23.0748],[68.8962,23.0804],[68.9171,23.0808],[68.921,23.0877],[68.9504,23.0723],[68.9631,23.0622],[68.9677,23.0441],[68.9635,23.0254],[68.9576,23.0267],[68.958,23.0182],[68.9541,23.0108],[68.9464,23.0137],[68.9316,22.9879],[68.9554,22.9737],[69.0054,22.9477],[69.0003,22.9552],[69.0067,22.9509],[69.0093,22.9535],[69.015,22.9472],[69.016,22.9508],[69.0237,22.9469],[69.0152,22.9467],[69.0091,22.9507],[69.005,22.9502],[69.0654,22.9177],[69.0673,22.9258],[69.0696,22.9204],[69.0792,22.9212],[69.0773,22.9105],[69.1078,22.8905],[69.1172,22.8944],[69.1207,22.8856],[69.1274,22.8851],[69.1215,22.8813],[69.1262,22.8771],[69.1731,22.8521],[69.1772,22.8519],[69.1659,22.8602],[69.1715,22.8599],[69.1745,22.8562],[69.1808,22.8578],[69.1842,22.8535],[69.1942,22.8518],[69.1919,22.8462],[69.1946,22.8391],[69.2218,22.8361],[69.228,22.8421],[69.2269,22.8487],[69.2309,22.8423],[69.2448,22.8393],[69.2311,22.8407],[69.2336,22.8338],[69.2686,22.8252],[69.3017,22.8334],[69.3216,22.8321],[69.345,22.8219],[69.3574,22.8217],[69.3918,22.8134],[69.4404,22.7817],[69.4386,22.7865],[69.4453,22.7798],[69.4726,22.7737],[69.4947,22.7796],[69.47,22.7764],[69.4576,22.7868],[69.4509,22.7867],[69.4316,22.8033],[69.4186,22.8081],[69.4247,22.8117],[69.4319,22.8088],[69.4494,22.8117],[69.4519,22.8083],[69.4573,22.8143],[69.4605,22.8069],[69.4684,22.8023],[69.4685,22.7979],[69.4768,22.7956],[69.4834,22.7994],[69.4828,22.8057],[69.4932,22.7972],[69.5047,22.7989],[69.5053,22.8089],[69.5185,22.8028],[69.5333,22.8025],[69.5304,22.8054],[69.5344,22.8086],[69.5366,22.8042],[69.5574,22.8077],[69.5591,22.8111],[69.5673,22.812],[69.5695,22.8158],[69.5712,22.8095],[69.5818,22.8166],[69.5837,22.8127],[69.5914,22.8143],[69.6067,22.8031],[69.6179,22.8121],[69.6254,22.8085],[69.6343,22.8117],[69.6364,22.8056],[69.6405,22.8045],[69.6459,22.81],[69.6474,22.7962],[69.6824,22.7999],[69.6906,22.8068],[69.692,22.8037],[69.7125,22.8061],[69.7221,22.8099],[69.7237,22.8144],[69.7412,22.8202],[69.748,22.8185],[69.7686,22.8264],[69.7951,22.8485],[69.8048,22.8518],[69.8118,22.8499],[69.8563,22.8687],[69.8756,22.8703],[69.8776,22.8741],[69.8881,22.8714],[69.8872,22.8755],[69.8957,22.8705],[69.91,22.8784],[69.9148,22.8875],[69.9236,22.8897],[69.9321,22.897],[69.9698,22.8995],[69.9995,22.9067],[70.0079,22.9061],[70.0133,22.9102],[70.0234,22.9116],[70.0267,22.9156],[70.0714,22.9207],[70.0708,22.9247],[70.0761,22.9236],[70.0751,22.9195],[70.0825,22.9218],[70.085,22.9328],[70.0737,22.9339],[70.074,22.9302],[70.069,22.9282],[70.0696,22.9336],[70.0648,22.9311],[70.0612,22.9339],[70.0628,22.9389],[70.0729,22.9424],[70.0592,22.9435],[70.0512,22.941],[70.0593,22.9489],[70.0417,22.9476],[70.037,22.9528],[70.0527,22.9505],[70.0528,22.953],[70.0627,22.9549],[70.0606,22.9639],[70.085,22.969],[70.0827,22.9761],[70.0983,22.9725],[70.1077,22.9779],[70.1063,22.9799],[70.1143,22.9857],[70.1252,23.0048],[70.1332,23.0115],[70.135,23.0214],[70.1384,23.0212],[70.1482,23.0348],[70.1578,23.0329],[70.159,23.0349],[70.1493,23.037],[70.1532,23.0382],[70.1647,23.0538],[70.1689,23.0652],[70.1752,23.0699],[70.183,23.0667],[70.187,23.0734],[70.1803,23.0754],[70.1849,23.0863],[70.1951,23.0952],[70.1983,23.1045],[70.2087,23.1081],[70.2075,23.1156],[70.2158,23.1294],[70.2281,23.1278],[70.2247,23.1304],[70.2245,23.1398],[70.2168,23.1406],[70.2198,23.1461],[70.2375,23.138],[70.244,23.1485],[70.2453,23.1636],[70.2419,23.1613],[70.2337,23.1627],[70.2336,23.1559],[70.2271,23.1576],[70.234,23.1648],[70.242,23.1644],[70.2382,23.1691],[70.258,23.169],[70.2651,23.1619],[70.3084,23.1812],[70.3107,23.1873],[70.3086,23.1925],[70.3012,23.1939],[70.3026,23.1997],[70.2971,23.2004],[70.3044,23.2114],[70.3083,23.2112],[70.3122,23.2155],[70.3147,23.2125],[70.3219,23.2119],[70.3316,23.2157],[70.3404,23.2108],[70.3544,23.2137],[70.3577,23.2172],[70.3817,23.2187],[70.3844,23.2148],[70.408,23.2178],[70.4196,23.2108],[70.4317,23.2153],[70.4231,23.2071],[70.4635,23.1993],[70.4798,23.1893],[70.4869,23.1906],[70.5051,23.1763],[70.6124,23.1809],[70.6347,23.1853],[70.649,23.2201],[70.666,23.2283],[70.6683,23.2237],[70.6734,23.2233],[70.6916,23.2116],[70.7069,23.215],[70.725,23.2068],[70.7313,23.2093],[70.7249,23.2173],[70.7262,23.2203],[70.7428,23.2228],[70.7489,23.2161],[70.7393,23.1866],[70.7286,23.1894],[70.7185,23.1878],[70.7182,23.1837],[70.7351,23.1554],[70.7034,23.1419],[70.6833,23.1181],[70.6918,23.1196],[70.6382,23.0817],[70.629,23.063],[70.6218,23.0608],[70.6093,23.0641],[70.5968,23.0614],[70.5934,23.0555],[70.6021,23.035],[70.5872,23.0311],[70.5719,23.0377],[70.5614,23.0295],[70.5478,23.0005],[70.5413,22.9653],[70.5237,22.9652],[70.5131,22.9607],[70.4903,22.9674],[70.4789,22.9754],[70.4584,22.9661],[70.4323,22.9676],[70.4785,22.9383],[70.492,22.9347],[70.4996,22.9363],[70.4966,22.9335],[70.483,22.9355],[70.4814,22.9224],[70.4842,22.9132],[70.4769,22.9055],[70.4728,22.8954],[70.4718,22.8755],[70.4671,22.8634],[70.4546,22.8453],[70.4302,22.8311],[70.4102,22.8248],[70.4028,22.8271],[70.4259,22.841],[70.4181,22.8415],[70.4139,22.8456],[70.4098,22.8544],[70.4155,22.8566],[70.4093,22.8584],[70.4078,22.8627],[70.4123,22.8706],[70.4072,22.8675],[70.416,22.8779],[70.4265,22.9042],[70.421,22.9174],[70.42,22.9103],[70.4131,22.8924],[70.3954,22.8751],[70.412,22.8925],[70.4191,22.9097],[70.4192,22.9187],[70.4148,22.9267],[70.4111,22.9268],[70.415,22.9136],[70.4097,22.9264],[70.3761,22.9085],[70.3294,22.8447],[70.3013,22.7984],[70.2924,22.7661],[70.2662,22.7578],[70.2488,22.7471],[70.2363,22.7293],[70.2258,22.7204],[70.2197,22.7189],[70.2181,22.7121],[70.2223,22.709],[70.2162,22.6905],[70.2222,22.6857],[70.2147,22.6821],[70.2126,22.6777],[70.2231,22.6732],[70.218,22.6654],[70.2205,22.6638],[70.1938,22.6433],[70.1935,22.6391],[70.2069,22.64],[70.2036,22.6336],[70.1924,22.6283],[70.1918,22.621],[70.1859,22.6178],[70.1903,22.6104],[70.1816,22.6098],[70.1766,22.6046],[70.1812,22.5944],[70.1749,22.5935],[70.1702,22.599],[70.1682,22.5943],[70.1567,22.5938],[70.1538,22.5855],[70.1604,22.5816],[70.1541,22.5814],[70.1556,22.5729],[70.1513,22.5704],[70.1419,22.5772],[70.1302,22.5677],[70.1288,22.5581],[70.1247,22.5529],[70.0841,22.5533],[70.0697,22.5589],[70.061,22.5561],[70.0497,22.5589],[70.0394,22.5665],[70.0377,22.5618],[70.0177,22.5463],[69.998,22.5471],[69.9847,22.543],[69.9856,22.5381],[69.9784,22.5258],[69.9849,22.5412],[69.9637,22.5369],[69.9543,22.5297],[69.9469,22.5286],[69.9519,22.5105],[69.9632,22.5074],[69.956,22.5068],[69.9655,22.5037],[69.9561,22.5031],[69.9424,22.5123],[69.9349,22.5094],[69.9327,22.5146],[69.9055,22.4979],[69.92,22.493],[69.9061,22.496],[69.8911,22.4964],[69.8895,22.4943],[69.8963,22.4831],[69.9082,22.4744],[69.9123,22.4675],[69.9225,22.464],[69.9132,22.4644],[69.9185,22.4556],[69.9124,22.4564],[69.8995,22.4776],[69.8947,22.4797],[69.87,22.47],[69.8621,22.4624],[69.8447,22.4722],[69.8222,22.4724],[69.8135,22.4653],[69.8036,22.4643],[69.8051,22.4494],[69.8144,22.4343],[69.82,22.4347],[69.8197,22.4317],[69.8116,22.432],[69.8082,22.4252],[69.8044,22.4238],[69.7954,22.426],[69.792,22.4309],[69.7855,22.4206],[69.7886,22.434],[69.7847,22.4359],[69.774,22.4339],[69.7791,22.4414],[69.7654,22.4467],[69.7814,22.4449],[69.7854,22.4522],[69.7851,22.4587],[69.7813,22.4675],[69.7659,22.4754],[69.7516,22.4614],[69.75,22.4481],[69.7524,22.4296],[69.7555,22.4274],[69.7544,22.4213],[69.75,22.4222],[69.7497,22.4293],[69.746,22.428],[69.7396,22.4322],[69.7476,22.4331],[69.7427,22.4421],[69.7372,22.4434],[69.7416,22.4464],[69.7437,22.4589],[69.7345,22.4713],[69.7363,22.4769],[69.7307,22.4845],[69.7129,22.4747],[69.712,22.4707],[69.7005,22.4609],[69.6956,22.4508],[69.6946,22.4427],[69.7002,22.4352],[69.7047,22.435],[69.6986,22.4141],[69.7017,22.4068],[69.7005,22.3962],[69.6781,22.3973],[69.6631,22.3936],[69.6564,22.3765],[69.6557,22.3598],[69.6492,22.3572],[69.6354,22.3582],[69.617,22.3685],[69.6174,22.3455],[69.6136,22.3449],[69.6092,22.3525],[69.6072,22.3468],[69.5977,22.3461],[69.5895,22.3617],[69.5855,22.3598],[69.5796,22.3673],[69.5742,22.3674],[69.5646,22.3552],[69.5575,22.3687],[69.5434,22.377],[69.5371,22.3752],[69.5351,22.371],[69.524,22.3697],[69.5173,22.3727],[69.4995,22.3663],[69.4911,22.3554],[69.4896,22.3378],[69.4652,22.3285],[69.4572,22.3321],[69.4404,22.3289],[69.4371,22.3228],[69.4244,22.3167],[69.3918,22.3162],[69.3791,22.3212],[69.3672,22.3173],[69.3577,22.3191],[69.3517,22.3268],[69.3433,22.325],[69.3325,22.3277],[69.3324,22.322],[69.3359,22.3226],[69.3401,22.313],[69.3356,22.3046],[69.3256,22.3018],[69.322,22.292],[69.3127,22.2872],[69.2977,22.2876],[69.2922,22.2753],[69.2795,22.2699],[69.2545,22.2674],[69.2499,22.2612],[69.2405,22.2584],[69.2336,22.25],[69.2336,22.2351],[69.2376,22.2229],[69.2218,22.2164],[69.2218,22.2119],[69.2128,22.2103],[69.211,22.2197],[69.1952,22.2253],[69.1899,22.2425],[69.1846,22.2402],[69.1901,22.2348],[69.1815,22.2324],[69.1785,22.2128],[69.1713,22.2157],[69.1676,22.2124],[69.1672,22.204],[69.1612,22.2023],[69.157,22.1954],[69.1366,22.1954],[69.1347,22.2022],[69.1394,22.2113],[69.1348,22.2238],[69.1395,22.2254],[69.1495,22.2379],[69.1536,22.2486],[69.1487,22.2544],[69.1496,22.259],[69.1554,22.2622],[69.155,22.2705],[69.1606,22.2849],[69.1572,22.3027],[69.1605,22.3049],[69.1568,22.316],[69.165,22.3233],[69.1693,22.3335],[69.1688,22.3438],[69.1637,22.3451],[69.1655,22.3501],[69.1718,22.35],[69.1771,22.3562],[69.1694,22.3532],[69.1726,22.363],[69.1809,22.3709],[69.1726,22.369],[69.1679,22.3732],[69.1742,22.3745],[69.1733,22.377],[69.1821,22.38],[69.1901,22.3871],[69.1974,22.3878],[69.198,22.3977],[69.1921,22.403],[69.1877,22.4025],[69.1919,22.4113],[69.1874,22.4134],[69.1946,22.4219],[69.1814,22.4209],[69.1774,22.4135],[69.1722,22.4135],[69.1633,22.4042],[69.1565,22.4064],[69.1561,22.4102],[69.1506,22.4008],[69.139,22.4016],[69.13,22.3941],[69.1265,22.3778],[69.1212,22.3756],[69.1282,22.3863],[69.128,22.3951],[69.1099,22.4099],[69.1022,22.4095],[69.0983,22.404],[69.1034,22.3989],[69.0824,22.3883],[69.0701,22.3853],[69.0688,22.388],[69.0578,22.3876],[69.0629,22.3907],[69.0489,22.3978],[69.045,22.3924],[69.0397,22.3938],[69.0351,22.3906],[69.0339,22.3937],[69.0393,22.3999],[69.0391,22.409],[69.0467,22.4225],[69.0412,22.4324],[69.0436,22.4369],[69.038,22.4428],[69.0395,22.4457],[69.0469,22.448],[69.0521,22.4452],[69.046,22.4439],[69.0499,22.438],[69.0667,22.4533],[69.0743,22.4544],[69.0764,22.4655],[69.0834,22.4741],[69.0785,22.4798],[69.0701,22.4784],[69.0681,22.4814],[69.0559,22.467],[69.0063,22.4396],[68.9917,22.4186],[68.9845,22.4134],[68.9786,22.4045],[68.9806,22.4023],[69,22.4063],[69,22.4007],[68.997,22.3977],[68.9903,22.4023],[68.9832,22.3983],[68.9775,22.4039],[68.9567,22.3655],[68.9581,22.3512],[68.9545,22.3459],[68.9563,22.3392],[68.9496,22.3317],[68.943,22.3327],[68.9358,22.3118],[68.9419,22.2898],[68.9517,22.272],[68.9537,22.2451],[69.0482,22.1367],[69.094,22.0925],[69.1096,22.071],[69.1971,21.9814],[69.2165,21.9575],[69.2837,21.8936],[69.3298,21.8554],[69.354,21.8379],[69.3715,21.8303],[69.3996,21.7975],[69.4328,21.7673],[69.4772,21.7351],[69.5111,21.7001],[69.5699,21.6489],[69.5872,21.6373],[69.5913,21.6411],[69.5847,21.6453],[69.5966,21.6489],[69.5938,21.6454],[69.5953,21.64],[69.6023,21.6376],[69.6157,21.6252],[69.685,21.5534],[69.7029,21.5386],[69.7177,21.5428],[69.7222,21.5399],[69.7145,21.5342],[69.707,21.5349],[69.7719,21.4628],[69.7553,21.4831],[69.7845,21.4572],[69.7998,21.4596],[69.8051,21.4565],[69.8037,21.4518],[69.7874,21.4522],[69.7758,21.4597],[69.9233,21.2911],[70.0593,21.1452],[70.1823,21.0354],[70.2899,20.9501],[70.3205,20.9279],[70.3443,20.9162],[70.3478,20.9209],[70.3513,20.9202],[70.3469,20.9156],[70.3734,20.8965],[70.3819,20.8994],[70.3923,20.8946],[70.4388,20.8534],[70.4415,20.8543],[70.4691,20.8372],[70.4731,20.8393],[70.4876,20.8338],[70.4882,20.8299],[70.5325,20.8088],[70.543,20.801],[70.547,20.8064],[70.5638,20.7933],[70.5764,20.7904],[70.5854,20.7823],[70.6093,20.777],[70.6123,20.7713],[70.6348,20.7682],[70.6614,20.7584],[70.6623,20.7618],[70.6725,20.7589],[70.7064,20.7366],[70.7443,20.7204],[70.7655,20.7214],[70.8222,20.6915],[70.8357,20.6911],[70.8342,20.6979],[70.8437,20.7062],[70.8741,20.7047],[70.8708,20.7087],[70.8753,20.7229],[70.8861,20.7313],[70.9201,20.7422],[70.9195,20.7364],[70.9333,20.7358],[70.9444,20.7393],[70.9585,20.7383],[70.9668,20.7338],[70.9882,20.7445],[70.9948,20.7389],[71.0021,20.7418],[71.0067,20.7377],[71.0021,20.7417],[70.9852,20.7288],[70.9923,20.7246],[70.9994,20.7322],[71.0138,20.7357],[71.0131,20.7399],[71.0425,20.7352],[71.0452,20.7311],[71.0498,20.7309],[71.0602,20.7364],[71.0635,20.7343],[71.0806,20.7388],[71.0771,20.7435],[71.0793,20.7506],[71.0878,20.756],[71.1075,20.7578],[71.1211,20.7537],[71.1276,20.7576],[71.1459,20.7578],[71.1576,20.7617],[71.1545,20.7635],[71.1504,20.7626],[71.14633904761905,20.763194285714285],[71.1464,20.7634],[71.1472,20.7661],[71.1521,20.775],[71.164,20.7821],[71.1801,20.7831],[71.2036,20.7896],[71.2072,20.7952],[71.2031,20.7962],[71.2071,20.8022],[71.2238,20.817],[71.2207,20.8204],[71.2209,20.8275],[71.2163,20.8306],[71.2121,20.8403],[71.2149,20.8504],[71.2048,20.8738],[71.1886,20.8734],[71.1854,20.8788],[71.1796,20.8804],[71.1765,20.8876],[71.1909,20.8957],[71.1933,20.9021],[71.1776,20.9188],[71.1844,20.9261],[71.1897,20.9228],[71.2054,20.927],[71.2181,20.956],[71.2308,20.9611],[71.2389,20.9688],[71.2387,20.9741],[71.2455,20.9731],[71.2636,20.9925],[71.2742,20.9918],[71.2805,20.9745],[71.276,20.968],[71.2813,20.9603],[71.2932,20.9608],[71.2952,20.9533],[71.3058,20.9467],[71.3063,20.9437],[71.3288,20.9316],[71.3362,20.9332],[71.341,20.9469],[71.3365,20.9458],[71.3311,20.9571],[71.3329,20.9699],[71.3436,20.9733],[71.3462,20.9805],[71.3516,20.9823],[71.357,20.9957],[71.3626,20.9944],[71.3689,20.9766],[71.3806,20.969],[71.3842,20.9754],[71.4053,20.9755],[71.4067,20.9804],[71.4302,20.9815],[71.4314,20.9744],[71.4494,20.9563],[71.4514,20.9424],[71.4451,20.9387],[71.438,20.9051],[71.4312,20.8906],[71.4341,20.8884],[71.4509,20.8968],[71.4797,20.8977],[71.4825,20.9001],[71.4818,20.9063],[71.4892,20.9139],[71.5067,20.9188],[71.5027,20.9228],[71.504,20.9285],[71.5092,20.9328],[71.5095,20.9419],[71.5167,20.9481],[71.5275,20.951],[71.5304,20.9439],[71.5497,20.9521],[71.5656,20.9489],[71.5686,20.953],[71.5798,20.9537],[71.5802,20.9574],[71.5945,20.9615],[71.5969,20.9664],[71.6001,20.9629],[71.607,20.9644],[71.6129,20.9686],[71.6075,20.978],[71.6151,20.976],[71.6185,20.9713],[71.6172,20.967],[71.6477,20.9746],[71.6505,20.9775],[71.637,20.9776],[71.6368,20.9807],[71.6488,20.9952],[71.6652,20.9983],[71.6772,20.9946],[71.6729,20.9918],[71.6758,20.9847],[71.6823,20.9918],[71.6895,20.9938],[71.6892,20.9991],[71.7,21],[71.6957,20.998],[71.7037,20.9968],[71.7171,21],[71.75,21],[71.75,21.0189],[71.753,21.0222],[71.7643,21.0215],[71.7634,21.0247],[71.783,21.0308],[71.7775,21.0374],[71.7864,21.0408],[71.7927,21.04],[71.7915,21.0366],[71.8066,21.0386],[71.7985,21.0491],[71.7976,21.0552],[71.8167,21.0693],[71.8283,21.0693],[71.8402,21.0769],[71.8567,21.0814],[71.8602,21.0857],[71.88,21.0893],[71.889,21.1009],[71.8988,21.1076],[71.9166,21.1116],[71.9273,21.1096],[71.9296,21.1136],[71.94,21.1145],[71.9426,21.1179],[71.9497,21.1175],[71.9585,21.122],[71.9768,21.1205],[71.9775,21.1312],[71.9921,21.1322],[71.9912,21.1355],[71.9974,21.1393],[71.9959,21.1454],[71.9927,21.1468],[71.991,21.151],[71.9881,21.1505],[71.9861,21.1535],[71.9897,21.1605],[71.9877,21.152],[71.9946,21.1503],[71.9923,21.1492],[71.9972,21.1461],[71.9976,21.1405],[72.0072,21.1324],[72.0109,21.1338],[72.0112,21.1458],[72.0193,21.1526],[72.0476,21.1602],[72.0573,21.1729],[72.0639,21.173],[72.069,21.1794],[72.0735,21.1785],[72.0874,21.1898],[72.1134,21.1966],[72.1135,21.2064],[72.1167,21.2109],[72.1115,21.2157],[72.1094,21.2282],[72.1163,21.2364],[72.1156,21.2558],[72.1198,21.2686],[72.1196,21.2856],[72.1481,21.3351],[72.1819,21.3757],[72.1845,21.3834],[72.204,21.401],[72.2414,21.4479],[72.2596,21.492],[72.2591,21.5],[72.4284,21.5],[72.4411,21.4498],[72.4514,21.4307],[72.4741,21.4104],[72.486,21.4055],[72.5887,21.3918],[72.6099,21.3947],[72.6012,21.3886],[72.6007,21.3236],[72.5975,21.3055],[72.6003,21.2899],[72.6105,21.2808],[72.6093,21.2689],[72.6198,21.2537],[72.6223,21.2426],[72.6452,21.2252],[72.6574,21.2247],[72.6548,21.2169],[72.6381,21.2111],[72.6393,21.2028],[72.632,21.1752],[72.6286,21.1441],[72.6183,21.1138],[72.6213,21.0944],[72.6354,21.0846],[72.6448,21.0861],[72.6581,21.1045],[72.6698,21.115],[72.6699,21.1059],[72.6863,21.0939],[72.6848,21.083],[72.6956,21.0848],[72.6955,21.0952],[72.7025,21.0962],[72.7033,21.0868],[72.7108,21.0794],[72.7412,21.0745],[72.741,21.0705],[72.75,21.0637],[72.7489,21.0572],[72.7361,21.0509],[72.729,21.0612],[72.7249,21.0594],[72.726,21.0473],[72.7222,21.0377],[72.7264,21.0147],[72.7391,20.981],[72.7437,20.959],[72.7547,20.9387],[72.765,20.9351],[72.774,20.9368],[72.7876,20.9436],[72.8091,20.9468],[72.8204,20.9523],[72.8127,20.9371],[72.82,20.9275],[72.8053,20.9263],[72.7921,20.9182],[72.7862,20.9208],[72.7845,20.9252],[72.781,20.9247],[72.7811,20.9182],[72.8288,20.8104],[72.8392,20.8052],[72.8392,20.8005],[72.8266,20.7982],[72.8202,20.7938],[72.8292,20.7765],[72.8386,20.7684],[72.8376,20.7653],[72.8483,20.7619],[72.8529,20.7568],[72.8548,20.75],[72.8488,20.7353],[72.851,20.7101],[72.8577,20.6959],[72.8624,20.695],[72.8776,20.6454],[72.8842,20.64],[72.8967,20.5932],[72.8982,20.5736],[72.886,20.5424],[72.8899,20.5329],[72.8862,20.5251],[72.8888,20.509],[72.8859,20.4977],[72.8799,20.4924],[72.8726,20.4932],[72.8581,20.4656],[72.8484,20.478],[72.844,20.4765],[72.8482,20.4614],[72.8405,20.4585],[72.8322,20.4449],[72.8289,20.4321],[72.8294,20.4174],[72.8227,20.4125],[72.8242,20.4007],[72.8291,20.3943],[72.8277,20.3851],[72.8149,20.385],[72.8041,20.3742],[72.8246,20.367],[72.8141,20.3528],[72.7901,20.3484],[72.7772,20.3317],[72.7742,20.3018],[72.7677,20.2974],[72.7634,20.2993],[72.7564,20.2884],[72.755,20.2662],[72.7424,20.2412],[72.7504,20.2014],[72.7445,20.1819],[72.7428,20.1402],[72.7396,20.1326],[72.7474,20.1304],[72.737,20.1278],[72.7297,20.1293],[72.726,20.1233],[72.7263,20.1121],[72.7169,20.1011],[72.7126,20.0904],[72.7005,20.0791],[72.7084,20.0527],[72.7021,20.0354],[72.7076,20.037],[72.7095,20.0323],[72.7048,20.0322],[72.7172,20.0074],[72.7204,19.9953],[72.7192,19.9836],[72.7052,19.9766],[72.7026,19.97],[72.6941,19.9666],[72.6874,19.9693],[72.6902,19.9652],[72.6862,19.9598],[72.6815,19.9621],[72.6802,19.9506],[72.6751,19.9454],[72.6666,19.945],[72.6675,19.9398],[72.6624,19.9402],[72.6614,19.9253],[72.6683,19.918],[72.6686,19.9096],[72.6636,19.9056],[72.6783,19.8886],[72.6767,19.8817],[72.6721,19.8782],[72.6773,19.8637],[72.6701,19.854],[72.6624,19.8612],[72.6584,19.8615],[72.6632,19.8479],[72.6589,19.8483],[72.6515,19.8562],[72.6578,19.8558],[72.6508,19.8645],[72.6459,19.8585],[72.6517,19.8457],[72.6479,19.8433],[72.6504,19.8315],[72.66,19.8242],[72.6551,19.8189],[72.6608,19.8119],[72.6579,19.8101],[72.6676,19.8022],[72.6659,19.8137],[72.6758,19.8111],[72.687,19.7903],[72.6842,19.7524],[72.6794,19.7515],[72.681,19.7249],[72.6834,19.7214],[72.6972,19.7232],[72.7078,19.7079],[72.7088,19.6909],[72.7056,19.6843],[72.7024,19.69],[72.7002,19.6864],[72.7043,19.6675],[72.7085,19.6699],[72.7092,19.6572],[72.7057,19.6572],[72.7036,19.6507],[72.7105,19.6467],[72.7284,19.6116],[72.7254,19.6013],[72.721,19.6023],[72.7171,19.5968],[72.7094,19.5982],[72.7121,19.5924],[72.7106,19.5871],[72.7149,19.5809],[72.7093,19.5749],[72.7096,19.5714],[72.7173,19.5637],[72.7128,19.5597],[72.7189,19.5557],[72.7192,19.5505],[72.7148,19.5467],[72.7171,19.5414],[72.7125,19.5426],[72.7149,19.5368],[72.7255,19.5365],[72.7259,19.5169],[72.7229,19.5172],[72.7222,19.5006],[72.7443,19.4957],[72.7486,19.4849],[72.7406,19.4617],[72.742,19.4488],[72.7493,19.4424],[72.7572,19.3962],[72.7615,19.3941],[72.7561,19.3885],[72.7587,19.3725],[72.7738,19.3569],[72.7739,19.3483],[72.7819,19.347],[72.7949,19.3305],[72.8072,19.3237],[72.8171,19.3254],[72.8268,19.3357],[72.8436,19.3424],[72.869,19.3359],[72.8847,19.3201],[72.8882,19.3109],[72.9094,19.2869],[72.8955,19.2896],[72.873,19.3096],[72.8546,19.3191],[72.8316,19.3148],[72.8076,19.3022],[72.7952,19.3058],[72.7937,19.3097],[72.7858,19.3049],[72.784,19.2869],[72.779,19.2774],[72.7834,19.2665],[72.7787,19.2396],[72.7805,19.2328],[72.7756,19.2272],[72.7768,19.2217],[72.7814,19.2181],[72.7805,19.208],[72.7854,19.2065],[72.7817,19.1943],[72.7954,19.1953],[72.7949,19.1747],[72.7858,19.1675],[72.782,19.1593],[72.7897,19.1473],[72.7891,19.1366],[72.7861,19.1335],[72.795,19.133],[72.7975,19.1353],[72.7955,19.1414],[72.8005,19.1396],[72.8069,19.1515],[72.8116,19.1452],[72.8061,19.1467],[72.8044,19.1407],[72.822,19.1192],[72.8275,19.0944],[72.8265,19.0836],[72.8332,19.0848],[72.8283,19.0778],[72.8242,19.0804],[72.8218,19.0761],[72.8245,19.0558],[72.817,19.0415],[72.8271,19.0459],[72.8318,19.0532],[72.8382,19.0512],[72.8363,19.0278],[72.8257,19.0179],[72.8218,19.0177],[72.8175,19.0256],[72.8164,19.0098],[72.8111,19.0015],[72.813,18.9923],[72.8105,18.9876],[72.8138,18.983],[72.8064,18.977],[72.7992,18.9572],[72.7925,18.9499],[72.7945,18.9432],[72.8077,18.9551],[72.8142,18.954],[72.8222,18.9453],[72.8236,18.9332],[72.8202,18.9274],[72.8259,18.9258],[72.8256,18.9195],[72.8152,18.9081],[72.8051,18.9102],[72.8036,18.8988],[72.8087,18.8934],[72.817,18.9013],[72.817,18.9069],[72.8285,18.9126],[72.8379,18.9261],[72.8356,18.9284],[72.8436,18.9309],[72.8505,18.968],[72.8479,18.9695],[72.8503,18.9757],[72.8552,18.976],[72.8502,18.9802],[72.8568,18.9785],[72.8605,18.9815],[72.8543,18.9972],[72.8601,18.9992],[72.8625,19.0101],[72.8695,19.0119],[72.8782,19.0219],[72.8857,19.0121],[72.8804,18.9884],[72.8865,18.9806],[72.9023,18.9789],[72.9091,18.9734],[72.9134,18.9669],[72.9148,18.954],[72.9109,18.9418],[72.9038,18.9344],[72.8803,18.9221],[72.8641,18.9081],[72.8428,18.8633],[72.9202,18.8365],[72.9454,18.8343],[72.9932,18.7895],[72.9964,18.7762],[72.9859,18.7499],[72.9738,18.7498],[72.9734,18.754],[72.9814,18.7549],[72.992,18.7776],[72.9562,18.7965],[72.9512,18.7913],[72.9407,18.7931],[72.9374,18.7978],[72.9451,18.8115],[72.9463,18.8224],[72.936,18.8236],[72.93,18.8024],[72.924,18.8013],[72.9153,18.7915],[72.9101,18.79],[72.9047,18.7923],[72.905,18.7995],[72.8996,18.8037],[72.8983,18.801],[72.8889,18.799],[72.882,18.8047],[72.8751,18.801],[72.8689,18.8037],[72.8637,18.7889],[72.8647,18.7228],[72.8562,18.6956],[72.8603,18.6885],[72.8652,18.6518],[72.8715,18.6398],[72.8835,18.6388],[72.8885,18.6209],[72.9213,18.5563],[72.9233,18.5457],[72.9319,18.5402],[72.9212,18.5379],[72.9056,18.5431],[72.9046,18.5382],[72.9114,18.5196],[72.9109,18.5023],[72.9057,18.5031],[72.9009,18.4883],[72.9014,18.4755],[72.8957,18.4723],[72.8948,18.4582],[72.9008,18.4524],[72.907,18.4326],[72.9043,18.4282],[72.9083,18.4232],[72.9059,18.4113],[72.908,18.4005],[72.9123,18.3939],[72.9212,18.394],[72.9255,18.3882],[72.9247,18.3729],[72.9118,18.3687],[72.9171,18.3488],[72.9216,18.3477],[72.9236,18.3534],[72.9254,18.3503],[72.9324,18.3515],[72.9361,18.3489],[72.9346,18.3442],[72.9409,18.3443],[72.9527,18.335],[72.9608,18.3197],[72.9552,18.3159],[72.9599,18.3119],[72.9632,18.3137],[72.9683,18.3087],[72.9694,18.3002],[72.9803,18.3005],[72.9899,18.2867],[72.9921,18.2737],[72.9963,18.2788],[72.9991,18.2916],[73.0062,18.2858],[73.0162,18.2836],[73.0206,18.2691],[73.034,18.264],[73.043,18.2648],[73.0415,18.283],[73.0471,18.2851],[73.0605,18.2727],[73.0615,18.2667],[73.0433,18.2463],[73.0193,18.2583],[72.9999,18.2602],[72.9982,18.2449],[72.9791,18.2394],[72.9719,18.2429],[72.9678,18.2556],[72.9739,18.263],[72.9698,18.2649],[72.9692,18.2743],[72.9621,18.2805],[72.9539,18.2778],[72.9479,18.2851],[72.9404,18.285],[72.9351,18.2806],[72.9428,18.2455],[72.9416,18.2325],[72.932,18.222],[72.9323,18.2175],[72.938,18.2155],[72.9451,18.2229],[72.9572,18.2178],[72.9803,18.1954],[72.9912,18.1947],[72.9947,18.1903],[73.0039,18.1904],[73.0012,18.187],[72.9896,18.1866],[72.987,18.1924],[72.9781,18.1916],[72.9895,18.1568],[72.986,18.1557],[72.9864,18.149],[72.9819,18.1379],[72.971,18.1315],[72.9792,18.1076],[72.9879,18.1026],[73.0012,18.0696],[72.9945,18.0673],[72.9895,18.0561],[72.9939,18.0503],[72.9995,18.0514],[73.0007,18.0547],[73.0085,18.0501],[73.0158,18.0325],[73.0255,18.0514],[73.0389,18.0511],[73.0482,18.0586],[73.0707,18.066],[73.0799,18.0676],[73.0862,18.0504],[73.0712,18.0411],[73.06,18.0442],[73.0565,18.0396],[73.0529,18.0397],[73.0553,18.0336],[73.0405,18.0358],[73.0242,18.0223],[73.0183,18.0258],[73.0047,18.0191],[73.0083,18.0105],[73.016,18.0058],[73.0208,17.9892],[73.0305,17.9895],[73.0339,17.9796],[73.0287,17.974],[73.0302,17.9559],[73.0278,17.9495],[73.0373,17.9345],[73.0464,17.9319],[73.0537,17.9156],[73.0505,17.9062],[73.053,17.9009],[73.0699,17.8878],[73.0891,17.8411],[73.0869,17.8361],[73.0927,17.8242],[73.0879,17.8074],[73.0927,17.8103],[73.1004,17.8024],[73.1312,17.7257],[73.1342,17.7084],[73.1287,17.7064],[73.1243,17.7002],[73.1173,17.6992],[73.113,17.6894],[73.1198,17.667],[73.1292,17.6577],[73.1344,17.6438],[73.1303,17.643],[73.1266,17.6364],[73.1322,17.628],[73.1358,17.6125],[73.1439,17.6006],[73.1591,17.5911],[73.1634,17.5785],[73.1403,17.5682],[73.1368,17.556],[73.1419,17.5455],[73.1513,17.5385],[73.1536,17.5301],[73.1614,17.5298],[73.1732,17.5178],[73.1922,17.4666],[73.1838,17.4557],[73.1874,17.4415],[73.1926,17.4424],[73.1961,17.4382],[73.1866,17.43],[73.185,17.4176],[73.1873,17.4146],[73.1778,17.4068],[73.1675,17.4073],[73.167,17.4045],[73.1743,17.3899],[73.1837,17.384],[73.1907,17.3846],[73.1915,17.3877],[73.1966,17.3854],[73.1981,17.39],[73.202,17.3841],[73.2058,17.3843],[73.2097,17.3764],[73.2089,17.3711],[73.2151,17.3701],[73.2137,17.3625],[73.2194,17.3552],[73.215,17.3449],[73.2244,17.336],[73.2182,17.3291],[73.2298,17.3185],[73.2419,17.3155],[73.2395,17.2992],[73.2348,17.2928],[73.2491,17.2959],[73.2491,17.2808],[73.2464,17.2835],[73.2422,17.2802],[73.2422,17.2847],[73.2347,17.2857],[73.2272,17.281],[73.2219,17.2944],[73.2229,17.3022],[73.2117,17.3028],[73.2067,17.2991],[73.196,17.3065],[73.1911,17.3034],[73.1895,17.2976],[73.1947,17.2964],[73.2029,17.2854],[73.2006,17.2822],[73.2053,17.2683],[73.2127,17.2739],[73.2191,17.2697],[73.2217,17.2556],[73.2287,17.2507],[73.2241,17.247],[73.2293,17.2459],[73.234,17.2378],[73.2319,17.2337],[73.2351,17.2269],[73.2413,17.2245],[73.244,17.2153],[73.2432,17.1974],[73.2362,17.2009],[73.2308,17.1998],[73.2356,17.1931],[73.2517,17.1902],[73.2594,17.1691],[73.271,17.1181],[73.2662,17.1123],[73.2761,17.1124],[73.2793,17.1068],[73.2851,17.0835],[73.2828,17.0795],[73.2877,17.0725],[73.2857,17.0554],[73.2814,17.0481],[73.2751,17.044],[73.2632,17.0483],[73.2564,17.0475],[73.2573,17.0318],[73.2546,17.0277],[73.2576,17.0194],[73.265,17.0204],[73.2676,17.0243],[73.2779,17.0194],[73.2834,17.0073],[73.2818,17.0007],[73.2954,16.9831],[73.2919,16.9564],[73.2821,16.9501],[73.2875,16.9345],[73.2824,16.9297],[73.2864,16.9198],[73.2853,16.9081],[73.2799,16.9034],[73.2811,16.8971],[73.2778,16.8935],[73.2864,16.8932],[73.2863,16.8969],[73.2946,16.8982],[73.3033,16.8906],[73.2872,16.8821],[73.2865,16.8733],[73.2935,16.8696],[73.2998,16.86],[73.2884,16.8583],[73.2917,16.8556],[73.2922,16.8478],[73.288,16.8434],[73.2934,16.8393],[73.2955,16.8154],[73.3027,16.8093],[73.3171,16.8062],[73.3148,16.8021],[73.316,16.7937],[73.308,16.7815],[73.3048,16.7662],[73.3072,16.7486],[73.3056,16.7286],[73.3117,16.7212],[73.3111,16.7148],[73.3159,16.7125],[73.3187,16.6961],[73.3266,16.6866],[73.3319,16.6535],[73.3298,16.6479],[73.3239,16.6481],[73.3217,16.6447],[73.3226,16.6354],[73.3314,16.6405],[73.3379,16.6365],[73.3405,16.6277],[73.3343,16.627],[73.3299,16.6212],[73.3344,16.6192],[73.3366,16.6234],[73.3407,16.6209],[73.3481,16.622],[73.3553,16.6265],[73.3522,16.622],[73.3511,16.6093],[73.3463,16.6122],[73.3407,16.6064],[73.3461,16.6011],[73.3477,16.6036],[73.3518,16.5933],[73.3463,16.5942],[73.3462,16.5979],[73.3311,16.6081],[73.3244,16.6051],[73.3201,16.6069],[73.317,16.6007],[73.3239,16.582],[73.3304,16.5776],[73.34,16.5803],[73.3458,16.576],[73.3424,16.568],[73.3557,16.5636],[73.3559,16.5531],[73.3507,16.5569],[73.3462,16.5561],[73.35,16.544],[73.3585,16.5392],[73.354,16.5392],[73.3551,16.5291],[73.3857,16.5146],[73.3864,16.5118],[73.3785,16.51],[73.3643,16.5133],[73.3629,16.5168],[73.3534,16.5214],[73.3455,16.5317],[73.346,16.5391],[73.3353,16.5575],[73.3266,16.5572],[73.3116,16.5408],[73.3181,16.5298],[73.3161,16.5269],[73.3189,16.5187],[73.3161,16.5134],[73.3228,16.5161],[73.3283,16.5065],[73.3298,16.4946],[73.3406,16.4764],[73.351,16.445],[73.3557,16.4444],[73.3644,16.4159],[73.3656,16.3977],[73.3793,16.3953],[73.3865,16.4037],[73.3976,16.3992],[73.4041,16.406],[73.4068,16.4045],[73.4033,16.3923],[73.3964,16.3903],[73.3898,16.3951],[73.38,16.3883],[73.3741,16.3793],[73.374,16.3889],[73.3718,16.3901],[73.3667,16.3778],[73.3716,16.3709],[73.3695,16.362],[73.374,16.3597],[73.38,16.3618],[73.3895,16.3476],[73.3854,16.3369],[73.3915,16.3328],[73.395,16.3196],[73.3935,16.3153],[73.4001,16.2995],[73.4042,16.2982],[73.4157,16.2476],[73.4199,16.2431],[73.4247,16.2268],[73.4271,16.2041],[73.4386,16.1944],[73.4586,16.1166],[73.4584,16.1014],[73.4619,16.0873],[73.458,16.0807],[73.4631,16.0798],[73.4658,16.0758],[73.4647,16.0662],[73.4567,16.0625],[73.4574,16.0531],[73.4597,16.0553],[73.4665,16.0541],[73.4689,16.0499],[73.4667,16.0459],[73.4774,16.0427],[73.4837,16.034],[73.4903,16.0096],[73.4892,15.9896],[73.5028,15.9637],[73.5019,15.9554],[73.5117,15.9368],[73.5184,15.9407],[73.5257,15.9345],[73.5325,15.9334],[73.5334,15.9384],[73.54,15.9371],[73.5501,15.9271],[73.5676,15.9191],[73.5701,15.9119],[73.588,15.9104],[73.5918,15.915],[73.592,15.9099],[73.588,15.9087],[73.5969,15.896],[73.5988,15.8873],[73.6035,15.8844],[73.6117,15.8581],[73.6158,15.8532],[73.6213,15.8569],[73.6291,15.8469],[73.6391,15.8193],[73.6363,15.8164],[73.6487,15.8033],[73.6601,15.7729],[73.6637,15.7523],[73.6584,15.7475],[73.654,15.7482],[73.6524,15.7437],[73.6659,15.7374],[73.6749,15.7268],[73.6804,15.7243],[73.6783,15.7215],[73.6888,15.7204],[73.6936,15.7006],[73.7006,15.6906],[73.7232,15.6289],[73.7348,15.6129],[73.7395,15.6131],[73.7419,15.6081],[73.7322,15.6086],[73.7312,15.5988],[73.7411,15.5635],[73.7485,15.5618],[73.7672,15.5002],[73.7648,15.4965],[73.775,15.4901],[73.789,15.4649],[73.7853,15.4383],[73.791,15.4202],[73.7887,15.4131],[73.7833,15.4136],[73.7823,15.4105],[73.7897,15.3949],[73.8027,15.3947],[73.8073,15.3851],[73.8069,15.3779],[73.828,15.3689],[73.8308,15.3705],[73.8416,15.3594],[73.8505,15.36],[73.854,15.3654],[73.8624,15.3659],[73.8625,15.3688],[73.8704,15.3702],[73.8835,15.3538],[73.9013,15.3107],[73.9211,15.2491],[73.9494,15.1413],[73.9456,15.1418],[73.9419,15.1351],[73.9355,15.1323],[73.9396,15.1291],[73.9407,15.1197],[73.9352,15.1113],[73.9329,15.1131],[73.9219,15.1074],[73.9268,15.0964],[73.9212,15.0895],[73.9164,15.0885],[73.9171,15.0831],[73.9222,15.0865],[73.9308,15.0835],[73.9323,15.0781],[73.9534,15.0732],[73.9537,15.0704],[73.9669,15.065],[73.9712,15.0521],[73.9742,15.05],[73.9795,15.0533],[73.9831,15.0502],[73.99,15.0334],[73.9854,15.0284],[73.9887,15.0199],[73.993,15.0176],[73.997,15.021],[74.0124,15.0102],[74.02,15.0115],[74.0256,15.0075],[74.0293,14.9994],[74.0341,14.9968],[74.0492,14.9583],[74.0475,14.9501],[74.0441,14.9496],[74.0467,14.9314],[74.0452,14.9245],[74.042,14.9235],[74.0437,14.9171],[74.0562,14.9145],[74.0667,14.9072],[74.0802,14.9101],[74.0858,14.901],[74.0959,14.8983],[74.0988,14.893],[74.0995,14.8813],[74.1104,14.863],[74.1141,14.8425],[74.1181,14.8437],[74.1248,14.8396],[74.1245,14.8055],[74.1118,14.7969],[74.1141,14.8043],[74.0935,14.8058],[74.0952,14.7995],[74.1047,14.7927],[74.1083,14.7938],[74.1112,14.7899],[74.1099,14.7854],[74.1151,14.7884],[74.1203,14.7833],[74.1194,14.7741],[74.1311,14.7808],[74.1423,14.7786],[74.1572,14.7612],[74.1506,14.7496],[74.1575,14.745],[74.1582,14.7498],[74.1632,14.7527],[74.1732,14.7519],[74.185,14.7445],[74.1949,14.7306],[74.1925,14.727],[74.2084,14.7177],[74.2024,14.7334],[74.2076,14.738],[74.2112,14.7338],[74.227,14.7382],[74.2261,14.7478],[74.2342,14.7485],[74.2492,14.7412],[74.2628,14.7199],[74.2649,14.7129],[74.2574,14.7064],[74.2678,14.7048],[74.2825,14.6766],[74.2756,14.667],[74.2799,14.6623],[74.2805,14.6493],[74.2854,14.6461],[74.2845,14.6303],[74.2796,14.6257],[74.2734,14.6281],[74.2813,14.6102],[74.293,14.5966],[74.315,14.5433],[74.3108,14.5388],[74.3122,14.5316],[74.3163,14.5309],[74.3153,14.5255],[74.3102,14.5214],[74.3262,14.5196],[74.3264,14.5162],[74.337,14.5194],[74.3403,14.5148],[74.3456,14.5216],[74.3547,14.5222],[74.3599,14.511],[74.3554,14.5085],[74.3545,14.503],[74.3605,14.5011],[74.3835,14.4391],[74.3846,14.426],[74.3812,14.4247],[74.386,14.4184],[74.3941,14.4183],[74.3976,14.4082],[74.4131,14.3167],[74.443,14.2299],[74.4416,14.2246],[74.4495,14.2162],[74.4537,14.2001],[74.465,14.1996],[74.4689,14.1887],[74.4789,14.1437],[74.4772,14.1412],[74.4832,14.1238],[74.4856,14.095],[74.5006,14.0447],[74.5018,14.0219],[74.5091,14.0077],[74.5139,13.9869],[74.5336,13.9642],[74.539,13.9645],[74.5492,13.9492],[74.5571,13.9514],[74.563,13.9456],[74.5667,13.9492],[74.5789,13.9259],[74.5822,13.9253],[74.5871,13.9174],[74.5952,13.8857],[74.6018,13.8729],[74.61,13.8651],[74.6365,13.7412],[74.6448,13.6849],[74.6514,13.6658],[74.6636,13.652],[74.6776,13.5748],[74.6888,13.4643],[74.6954,13.4552],[74.6924,13.4522],[74.6966,13.3941],[74.6971,13.3474],[74.695,13.3451],[74.7093,13.332],[74.7163,13.3126],[74.7194,13.2845],[74.7317,13.2506],[74.744,13.1938],[74.7505,13.1781],[74.7646,13.1228],[74.8064,12.9295],[74.8163,12.9309],[74.8176,12.9358],[74.8206,12.9287],[74.8118,12.9218],[74.8075,12.9243],[74.8244,12.8491],[74.8371,12.824],[74.8464,12.7962],[74.8554,12.7841],[74.8629,12.7662],[74.8678,12.7658],[74.8694,12.7607],[74.8667,12.7501],[74.8793,12.7181],[74.9735,12.5013],[75.0151,12.4175],[75.0216,12.4135],[75.0313,12.3917],[75.0385,12.3918],[75.0417,12.388],[75.1692,12.0933],[75.167,12.0906],[75.1751,12.0801],[75.201,12.019],[75.203,12.0054],[75.2066,12.003],[75.2216,12.014],[75.2294,12.0238],[75.2425,12.0223],[75.2484,12.0174],[75.2731,11.9772],[75.2873,11.9597],[75.2952,11.9538],[75.3003,11.9569],[75.2886,11.9821],[75.2975,11.966],[75.3054,11.9682],[75.3167,11.9477],[75.308,11.9417],[75.3101,11.931],[75.3207,11.9117],[75.3199,11.9004],[75.3308,11.8956],[75.3485,11.8766],[75.3553,11.8676],[75.3569,11.8558],[75.3621,11.8524],[75.3676,11.8532],[75.3717,11.8588],[75.3834,11.8615],[75.388,11.8582],[75.3994,11.843],[75.4093,11.8359],[75.4273,11.8083],[75.4529,11.7861],[75.4605,11.7755],[75.4572,11.7672],[75.4628,11.7657],[75.4727,11.7698],[75.4803,11.7531],[75.5103,11.7297],[75.5461,11.6774],[75.5578,11.6517],[75.5847,11.5749],[75.6034,11.5339],[75.6205,11.4777],[75.6307,11.4645],[75.6361,11.4617],[75.6451,11.4646],[75.6529,11.4631],[75.6757,11.4516],[75.6876,11.44],[75.6991,11.4248],[75.7277,11.3696],[75.7386,11.3585],[75.7385,11.3293],[75.7474,11.3182],[75.7664,11.2715],[75.7968,11.1805],[75.8169,11.1411],[75.8283,11.1256],[75.8512,11.055],[75.866,10.9946],[75.8668,10.9744],[75.8885,10.8775],[75.9007,10.8039],[75.9125,10.7856],[75.9147,10.7764],[75.9238,10.7667],[75.9342,10.7304],[75.9475,10.7066],[75.9535,10.6877],[75.9608,10.6875],[75.9553,10.6843],[75.9897,10.6091],[76.0096,10.5734],[76.0319,10.5081],[76.0614,10.4665],[76.0939,10.3936],[76.1198,10.3166],[76.1327,10.2656],[76.1386,10.2592],[76.1389,10.2343],[76.154,10.2008],[76.169,10.1845],[76.165,10.1744],[76.1748,10.1559],[76.1857,10.1204],[76.2057,10.0401],[76.214,10.0238],[76.2195,10.0035],[76.2286,10.0002],[76.2331,9.9911],[76.2414,9.9455],[76.2557,9.9091],[76.2576,9.8906],[76.2626,9.8826],[76.2769,9.8087],[76.3026,9.574],[76.324,9.4606],[76.3575,9.364],[76.3818,9.3178],[76.4661,9.1286],[76.4723,9.1288],[76.478,9.1232],[76.4767,9.1167],[76.4889,9.089],[76.4856,9.0861],[76.5064,9.0422],[76.5226,8.9974],[76.535,8.9456],[76.5447,8.9215],[76.5485,8.8997],[76.5527,8.8921],[76.5684,8.8823],[76.5776,8.8859],[76.6022,8.8693],[76.6545,8.8041],[76.6707,8.7919],[76.6712,8.7822],[76.6785,8.7763],[76.7691,8.6563],[76.7942,8.6307],[76.8835,8.5112],[76.9361,8.4493],[76.9699,8.4144],[76.9717,8.396],[76.9817,8.3819],[76.9893,8.3769],[76.9984,8.3791],[77.0054,8.3619],[77.0189,8.3586],[77.0965,8.294],[77.1491,8.2556],[77.1836,8.2197],[77.2228,8.1962],[77.2401,8.176],[77.2789,8.1602],[77.2876,8.1467],[77.3036,8.1374],[77.305,8.132],[77.3155,8.121],[77.3339,8.1265],[77.4467,8.0942],[77.5261,8.0816],[77.5323,8.0777],[77.5512,8.0782],[77.5529,8.0858],[77.5637,8.092],[77.5588,8.0955],[77.5569,8.112],[77.5592,8.1202],[77.5769,8.1367],[77.6194,8.1524],[77.6481,8.1591],[77.6956,8.1632],[77.7454,8.1774],[77.7595,8.1894],[77.7811,8.2011],[77.7846,8.2233],[77.8027,8.2402],[77.8789,8.2681],[77.9048,8.2879],[77.9525,8.3139],[77.9541,8.3185],[77.9716,8.3331],[78.0133,8.3544],[78.0641,8.3716],[78.0567,8.3794],[78.0574,8.3932],[78.0642,8.4189],[78.0959,8.4599],[78.1303,8.4966],[78.1236,8.5087],[78.1233,8.5302],[78.1262,8.5448],[78.1319,8.5542],[78.1374,8.5833],[78.1264,8.6256],[78.1312,8.6633],[78.1285,8.6679],[78.1362,8.6941],[78.1545,8.7134],[78.154,8.7199],[78.1606,8.7376],[78.1694,8.7455],[78.1826,8.7506],[78.1914,8.7479],[78.1927,8.7512],[78.2159,8.7424],[78.2213,8.7437],[78.2261,8.7515],[78.1975,8.7648],[78.1994,8.7846],[78.1973,8.7888],[78.1939,8.7864],[78.1943,8.7819],[78.181,8.773],[78.1798,8.7669],[78.1688,8.7709],[78.1687,8.7767],[78.1616,8.7777],[78.1598,8.7843],[78.1637,8.7839],[78.159,8.8033],[78.1679,8.8259],[78.1646,8.8328],[78.1668,8.8729],[78.1715,8.8859],[78.1798,8.8927],[78.1799,8.9061],[78.189,8.9289],[78.2149,8.966],[78.2722,9.0044],[78.4031,9.1081],[78.4151,9.1146],[78.4541,9.1253],[78.5168,9.1355],[78.5485,9.1374],[78.5748,9.1303],[78.5798,9.1313],[78.6014,9.1458],[78.6157,9.1509],[78.6565,9.1572],[78.6427,9.1696],[78.6442,9.1801],[78.6655,9.1938],[78.6853,9.1952],[78.7145,9.1888],[78.7193,9.1931],[78.7174,9.2008],[78.7274,9.2092],[78.793,9.2287],[78.8064,9.2364],[78.8157,9.2369],[78.8612,9.2548],[78.8676,9.2535],[78.8755,9.257],[78.9007,9.2501],[78.9087,9.2515],[78.9258,9.267],[78.9806,9.2744],[79.0624,9.2613],[79.0886,9.2611],[79.1403,9.2732],[79.1431,9.276],[79.2063,9.2825],[79.2024,9.2781],[79.2012,9.2682],[79.2063,9.2738],[79.2126,9.2668],[79.2153,9.2693],[79.2148,9.2578],[79.2511,9.26],[79.2909,9.2501],[79.3107,9.2415],[79.4042,9.1848],[79.4363,9.1599],[79.4285,9.1727],[79.4092,9.1909],[79.3734,9.2182],[79.3271,9.2594],[79.315,9.2785],[79.3158,9.2855],[79.327,9.2953],[79.3269,9.2993],[79.3349,9.3093],[79.3271,9.3212],[79.3098,9.3276],[79.2906,9.3198],[79.2781,9.3099],[79.2704,9.2955],[79.2658,9.2927],[79.2218,9.2918],[79.2076,9.2833],[79.1576,9.2847],[79.1377,9.2919],[79.1321,9.2879],[79.1184,9.2881],[79.1214,9.2914],[79.1044,9.2915],[79.0646,9.2988],[79.037,9.3155],[79.0018,9.3424],[78.9335,9.4119],[78.9027,9.4634],[78.8979,9.4816],[78.899,9.4911],[78.9144,9.4929],[78.9096,9.4985],[78.9243,9.5286],[78.9229,9.5621],[78.9291,9.5843],[78.9556,9.6242],[78.9738,9.6777],[78.9927,9.7096],[79.0121,9.7287],[79.0318,9.7571],[79.055,9.7717],[79.0855,9.8198],[79.1168,9.8504],[79.11,9.8578],[79.1192,9.8528],[79.1224,9.86],[79.1165,9.862],[79.1185,9.8784],[79.1214,9.8805],[79.1186,9.8869],[79.1206,9.8885],[79.1239,9.8835],[79.1297,9.8958],[79.145,9.9094],[79.1467,9.9121],[79.1418,9.9186],[79.1504,9.9196],[79.1527,9.9282],[79.1589,9.9355],[79.1983,9.9733],[79.2187,10.0004],[79.2443,10.0272],[79.266,10.0392],[79.2554,10.045],[79.2518,10.051],[79.2519,10.0656],[79.2473,10.0712],[79.2393,10.0701],[79.2323,10.0791],[79.2258,10.101],[79.2328,10.1284],[79.2261,10.1359],[79.2255,10.1458],[79.2281,10.1523],[79.2387,10.1598],[79.236,10.1716],[79.2414,10.1848],[79.247,10.1919],[79.2572,10.197],[79.2598,10.1937],[79.2649,10.1974],[79.2786,10.2154],[79.2778,10.222],[79.2669,10.2289],[79.2725,10.239],[79.2983,10.2633],[79.3291,10.2843],[79.3602,10.2912],[79.3731,10.3079],[79.3879,10.3175],[79.4718,10.316],[79.4759,10.3507],[79.5024,10.3491],[79.505,10.3567],[79.503,10.3799],[79.5104,10.3709],[79.5355,10.3588],[79.5395,10.3685],[79.5416,10.3653],[79.5476,10.3671],[79.5491,10.373],[79.5556,10.3739],[79.56,10.3858],[79.5907,10.385],[79.637,10.3786],[79.6387,10.3422],[79.6758,10.318],[79.705,10.2928],[79.7194,10.289],[79.7219,10.2861],[79.7182,10.2816],[79.7084,10.2808],[79.7117,10.2793],[79.7656,10.2718],[79.8081,10.2744],[79.8158,10.2772],[79.8099,10.2849],[79.8146,10.2829],[79.8135,10.2886],[79.8191,10.2788],[79.8171,10.2759],[79.8248,10.2766],[79.8582,10.2819],[79.8683,10.2867],[79.876,10.295],[79.8815,10.314],[79.8653,10.4013],[79.8666,10.4161],[79.8567,10.5734],[79.8558,10.6708],[79.852,10.6823],[79.8493,10.7195],[79.8487,10.8104],[79.8467,10.814],[79.838,10.8106],[79.8344,10.8147],[79.8452,10.818],[79.85059906525879,10.827798303617795],[79.8507,10.8278],[79.8523,10.8307],[79.8528,10.8455],[79.8497,10.8582],[79.8543,10.983],[79.8505,10.9876],[79.8511,10.9942],[79.8554,11.0141],[79.8558,11.0774],[79.8531,11.0871],[79.8558,11.0873],[79.8557,11.1522],[79.845,11.2485],[79.8337,11.3018],[79.8328,11.3295],[79.8387,11.3538],[79.8247,11.3619],[79.8114,11.4321],[79.8033,11.454],[79.7778,11.5005],[79.7791,11.5015],[79.7783,11.5068],[79.7709,11.5136],[79.7774,11.5055],[79.7781,11.5015],[79.7726,11.501],[79.7599,11.5385],[79.7569,11.5561],[79.7606,11.6243],[79.7957,11.7854],[79.807,11.8335],[79.8077,11.8365],[79.8226,11.8764],[79.8405,11.9557],[79.8602,12.0137],[79.8846,12.0644],[80.0081,12.2539],[80.0342,12.3017],[80.0668,12.3462],[80.1133,12.4019],[80.1503,12.4544],[80.1573,12.469],[80.1623,12.5125],[80.1687,12.5372],[80.1971,12.6136],[80.2005,12.6168],[80.1986,12.621],[80.2009,12.632],[80.2271,12.7078],[80.2447,12.7513],[80.2585,12.7565],[80.2658,12.7819],[80.2574,12.8102],[80.2563,12.8591],[80.2617,12.9335],[80.2684,12.979],[80.2877,13.0678],[80.3035,13.0935],[80.304,13.1007],[80.3007,13.0911],[80.2948,13.093],[80.302,13.1148],[80.3006,13.1225],[80.2966,13.1242],[80.2985,13.1377],[80.3127,13.1674],[80.3347,13.239],[80.3366,13.2545],[80.3453,13.2812],[80.3465,13.3132],[80.3291,13.4067],[80.3252,13.444],[80.3007,13.4782],[80.2686,13.5645],[80.2426,13.6164],[80.2342,13.6535],[80.233,13.6775],[80.2375,13.7239],[80.2537,13.7809],[80.2503,13.7969],[80.2209,13.875],[80.1982,13.9172],[80.1498,14.0318],[80.1431,14.0565],[80.1421,14.0747],[80.1357,14.0866],[80.1285,14.1332],[80.1264,14.1643],[80.1292,14.2195],[80.1387,14.2535],[80.1429,14.2864],[80.1686,14.3549],[80.1795,14.5088],[80.1955,14.5858],[80.1931,14.5932],[80.1782,14.6032],[80.1712,14.6117],[80.1417,14.7043],[80.1377,14.7042],[80.1312,14.7211],[80.1179,14.736],[80.1149,14.7361],[80.0998,14.7733],[80.0888,14.8236],[80.0844,14.8833],[80.0691,14.9268],[80.0528,15.0118],[80.047,15.0827],[80.0557,15.1234],[80.0655,15.1532],[80.0796,15.1813],[80.076,15.1792],[80.0708,15.1826],[80.0842,15.1923],[80.0896,15.2151],[80.0894,15.2334],[80.0878,15.2235],[80.0821,15.2311],[80.0807,15.241],[80.0833,15.27],[80.0919,15.2974],[80.1059,15.324],[80.1102,15.3455],[80.1218,15.3679],[80.1418,15.3955],[80.2001,15.465],[80.208,15.4806],[80.2102,15.494],[80.1988,15.4932],[80.2032,15.503],[80.202,15.5069],[80.2153,15.5157],[80.215,15.525],[80.2185,15.5233],[80.2269,15.5429],[80.2271,15.5582],[80.2342,15.5925],[80.2275,15.5922],[80.2346,15.5986],[80.2269,15.6039],[80.2349,15.6029],[80.2395,15.6055],[80.2457,15.622],[80.2434,15.6303],[80.2491,15.628],[80.2822,15.6853],[80.3064,15.7136],[80.3456,15.7512],[80.4102,15.7931],[80.4479,15.8133],[80.4968,15.8358],[80.5282,15.8459],[80.5365,15.8523],[80.544,15.8515],[80.6047,15.8703],[80.6494,15.8785],[80.6767,15.8803],[80.6806,15.8854],[80.6862,15.8815],[80.7267,15.879],[80.7485,15.874],[80.7674,15.8647],[80.7722,15.8662],[80.7817,15.8631],[80.8006,15.8477],[80.8114,15.8341],[80.815,15.8113],[80.8016,15.8151],[80.8009,15.8058],[80.792,15.819],[80.7887,15.8324],[80.7804,15.8387],[80.7796,15.8353],[80.8042,15.7843],[80.8136,15.7491],[80.8175,15.7494],[80.8133,15.7287],[80.8167,15.717],[80.8098,15.7357],[80.7986,15.7437],[80.7912,15.7536],[80.7904,15.7687],[80.7877,15.7643],[80.7904,15.7524],[80.7978,15.7427],[80.8092,15.735],[80.8104,15.7207],[80.8166,15.7127],[80.8257,15.7079],[80.829,15.7094],[80.8318,15.7055],[80.8461,15.7055],[80.9257,15.7187],[80.932,15.7237],[80.9372,15.7144],[80.9621,15.7271],[80.9624,15.7336],[80.9715,15.7327],[81.0078,15.7523],[81.0095,15.7619],[80.9985,15.7604],[80.9985,15.7697],[81.0045,15.7659],[81.0122,15.7663],[81.0145,15.7713],[81.0105,15.7785],[81.0082,15.7974],[81.0113,15.8015],[81.0192,15.7918],[81.0196,15.7985],[81.017,15.8073],[81.0056,15.8213],[81.0048,15.8378],[81.0715,15.9111],[81.1345,15.9641],[81.1349,15.9722],[81.1414,15.9688],[81.1484,15.9746],[81.1432,15.9951],[81.1449,16.0102],[81.1496,16.0243],[81.1873,16.093],[81.1956,16.1151],[81.2093,16.1809],[81.2064,16.1858],[81.2138,16.2072],[81.2384,16.247],[81.2637,16.2734],[81.2651,16.2781],[81.3144,16.3089],[81.357,16.3285],[81.3919,16.3401],[81.4874,16.354],[81.5375,16.3515],[81.5408,16.3474],[81.5802,16.3444],[81.6906,16.3275],[81.7096,16.3168],[81.7192,16.3156],[81.7166,16.3073],[81.7255,16.309],[81.7339,16.3153],[81.7871,16.3382],[81.7867,16.3403],[81.8228,16.3587],[81.8782,16.3826],[81.9394,16.3954],[81.9487,16.3962],[81.9577,16.3924],[81.9632,16.4021],[81.9705,16.4076],[82.2017,16.5252],[82.2446,16.55],[82.2896,16.5541],[82.3131,16.5623],[82.3057,16.5652],[82.301,16.5623],[82.3012,16.5687],[82.2971,16.5571],[82.292,16.5557],[82.281,16.5587],[82.2942,16.5584],[82.2958,16.5642],[82.2748,16.5593],[82.27,16.5628],[82.2648,16.5612],[82.2647,16.5645],[82.2757,16.5706],[82.2887,16.572],[82.2984,16.5857],[82.2995,16.592],[82.2943,16.6028],[82.2849,16.6],[82.2903,16.6102],[82.2843,16.626],[82.296,16.626],[82.3014,16.6339],[82.3004,16.6285],[82.3071,16.6393],[82.3082,16.6285],[82.3122,16.6273],[82.3144,16.6324],[82.3099,16.6397],[82.3088,16.6524],[82.3109,16.6641],[82.3124,16.6533],[82.3199,16.6393],[82.3201,16.6265],[82.3242,16.6215],[82.3256,16.6106],[82.325,16.6022],[82.318,16.5872],[82.3141,16.5867],[82.3175,16.5818],[82.3136,16.5751],[82.3189,16.5768],[82.3285,16.6085],[82.3286,16.6179],[82.317,16.6586],[82.3211,16.6709],[82.3481,16.6987],[82.3652,16.7071],[82.3604,16.7107],[82.3598,16.7068],[82.3551,16.7043],[82.3564,16.7085],[82.3536,16.7138],[82.3507,16.7117],[82.3541,16.7058],[82.3354,16.6901],[82.3338,16.6978],[82.3448,16.7057],[82.3393,16.7161],[82.343,16.751],[82.3574,16.8067],[82.3653,16.877],[82.3664,16.9114],[82.3597,16.9583],[82.3557,16.9678],[82.3384,16.9867],[82.3281,16.9894],[82.3255,16.9858],[82.3332,16.9808],[82.3402,16.967],[82.3527,16.96],[82.3562,16.9543],[82.3633,16.9173],[82.3616,16.8545],[82.3538,16.851],[82.3361,16.8566],[82.3276,16.8552],[82.3142,16.8459],[82.3108,16.8553],[82.3022,16.8623],[82.2817,16.8652],[82.2816,16.872],[82.2752,16.8675],[82.2655,16.8703],[82.2617,16.883],[82.2555,16.8853],[82.2505,16.8799],[82.2471,16.9],[82.2414,16.908],[82.243,16.9178],[82.2467,16.9179],[82.2693,16.9414],[82.2723,16.9478],[82.2686,16.9565],[82.2883,17.016],[82.3191,17.0574],[82.4431,17.1748],[82.5003,17.2202],[82.5619,17.2616],[82.7264,17.3549],[82.9748,17.4661],[82.9973,17.4826],[83.0176,17.506],[83.0326,17.5144],[83.1488,17.5572],[83.2165,17.5955],[83.2385,17.63],[83.2601,17.6441],[83.2599,17.6495],[83.2822,17.6603],[83.2949,17.6745],[83.2962,17.6924],[83.3168,17.7091],[83.3467,17.7266],[83.3437,17.7349],[83.3507,17.7503],[83.3564,17.758],[83.3858,17.7773],[83.3857,17.7851],[83.3983,17.8001],[83.4109,17.8094],[83.4162,17.8227],[83.4163,17.8337],[83.4104,17.8417],[83.4215,17.8578],[83.4439,17.873],[83.4555,17.8875],[83.4553,17.8963],[83.4587,17.9011],[83.4893,17.9251],[83.5318,17.9512],[83.5576,17.9815],[83.5609,17.9889],[83.5602,17.9998],[83.5694,18.0118],[83.6124,18.0425],[83.6949,18.0988],[83.7598,18.1337],[83.8053,18.154],[83.7949,18.1682],[83.8104,18.1561],[83.8607,18.1745],[83.8895,18.1961],[83.9352,18.2089],[84.0116,18.2499],[84.071,18.2766],[84.0857,18.2901],[84.1109,18.3022],[84.1285,18.3151],[84.1269,18.3439],[84.1307,18.3453],[84.147,18.3729],[84.2536,18.4748],[84.3557,18.5562],[84.3566,18.5721],[84.3684,18.5931],[84.4399,18.6595],[84.4417,18.6709],[84.4535,18.6934],[84.4931,18.7401],[84.5511,18.79],[84.5575,18.8169],[84.5749,18.8377],[84.5871,18.8674],[84.6036,18.8897],[84.6845,18.9675],[84.7615,19.0791],[84.7652,19.0776],[84.7875,19.1158],[84.7921,19.1192],[84.8095,19.1561],[84.8328,19.1838],[84.8806,19.2323],[84.9321,19.2782],[84.98,19.3152],[85.0807,19.3757],[85.0932,19.3912],[85.0921,19.3953],[85.0975,19.4047],[85.111,19.4191],[85.1726,19.4672],[85.1751,19.465],[85.3248,19.5685],[85.3831,19.6016],[85.4326,19.6262],[85.5016,19.6553],[85.6802,19.7421],[85.8024,19.7849],[85.8642,19.8033],[85.9504,19.8265],[86.0604,19.8481],[86.1962,19.8871],[86.2261,19.8971],[86.3111,19.9392],[86.3898,19.9525],[86.4103,19.9677],[86.4138,19.9741],[86.385,19.9578],[86.3744,19.9567],[86.3751,19.9628],[86.3846,19.976],[86.3897,19.9766],[86.39,19.9809],[86.4127,19.9959],[86.4162,20.0158],[86.4345,20.0475],[86.434,20.0521],[86.4758,20.0959],[86.4908,20.1163],[86.5204,20.1701],[86.5468,20.1917],[86.5956,20.2244],[86.6742,20.2598],[86.6712,20.2692],[86.6683,20.2701],[86.6693,20.2757],[86.6755,20.2751],[86.6737,20.2699],[86.6803,20.2663],[86.68,20.2701],[86.7223,20.2902],[86.7727,20.3288],[86.7828,20.3407],[86.7789,20.3445],[86.7983,20.3638],[86.7948,20.369],[86.7791,20.3564],[86.7821,20.3657],[86.7896,20.3748],[86.7904,20.3663],[86.7972,20.3764],[86.7889,20.3805],[86.7821,20.3786],[86.7825,20.3866],[86.7768,20.4049],[86.7473,20.3786],[86.7515,20.3875],[86.7467,20.3863],[86.7436,20.3802],[86.7461,20.3914],[86.7379,20.3897],[86.7417,20.3965],[86.7389,20.4004],[86.731,20.3923],[86.7251,20.3928],[86.7339,20.4146],[86.7288,20.4405],[86.7351,20.4649],[86.7413,20.4705],[86.7421,20.4659],[86.7459,20.4678],[86.7597,20.5002],[86.7661,20.5035],[86.7755,20.5206],[86.8766,20.5958],[86.9987,20.6739],[87.0585,20.7166],[87.0443,20.7322],[87.0396,20.7435],[87.0415,20.7587],[87.0225,20.7701],[87.0149,20.7659],[87.0065,20.7696],[86.9739,20.7712],[86.9645,20.7671],[86.9444,20.7663],[86.9423,20.7728],[86.9554,20.7743],[86.9663,20.7812],[86.9725,20.7892],[86.9864,20.8434],[86.9855,20.8561],[86.9719,20.8708],[86.9536,20.9028],[86.9234,20.9574],[86.8989,21.0113],[86.8725,21.0489],[86.8558,21.0853],[86.8468,21.1228],[86.8472,21.1788],[86.8613,21.2036],[86.8599,21.2084],[86.8462,21.2017],[86.8419,21.2035],[86.8594,21.2135],[86.8678,21.2346],[86.8875,21.2588],[86.9336,21.3415],[86.9492,21.3599],[86.9782,21.385],[87.01,21.4209],[87.0284,21.4346],[87.0306,21.4425],[87.0566,21.4639],[87.06,21.4728],[87.071,21.4685],[87.0891,21.4778],[87.0969,21.4889],[87.1047,21.4919],[87.1057,21.4998],[87.1139,21.5071],[87.1174,21.5174],[87.122,21.5115],[87.1285,21.5129],[87.1649,21.5308],[87.1939,21.5407],[87.1981,21.5458],[87.2011,21.5434],[87.2592,21.5545],[87.3045,21.5567],[87.3652,21.5548],[87.3781,21.559],[87.3953,21.5554],[87.3997,21.5497],[87.4127,21.5506],[87.4142,21.5605],[87.4438,21.5963],[87.4841,21.6106],[87.4836,21.619],[87.4863,21.6097],[87.515,21.616],[87.56,21.6284],[87.5741,21.6356],[87.592,21.6353],[87.6345,21.6449],[87.6416,21.6552],[87.6499,21.6476],[87.6595,21.6493],[87.6612,21.644],[87.676,21.6469],[87.6749,21.6531],[87.7424,21.6802],[87.7467,21.6846],[87.7464,21.6954],[87.7648,21.7023],[87.7813,21.7012],[87.7928,21.7046],[87.8281,21.7345],[87.8616,21.7529],[87.8867,21.7769],[87.8869,21.788],[87.8935,21.7935],[87.9388,21.8164],[87.9453,21.8224],[87.9746,21.856],[87.9888,21.885],[87.9959,21.892],[87.999,21.9061],[88.0113,21.9257],[88.0156,21.9409],[88.0136,21.9451],[88.0207,21.948],[88.0376,21.9848],[88.0496,22.0033],[88.0472,22.0163],[88.0349,22.0201],[88.0216,22.0395],[88.0145,22.057],[88.015,22.0626],[87.9886,22.0809],[87.9856,22.0869],[87.9886,22.0918],[87.9958,22.0916],[88.0268,22.0705],[88.0323,22.0635],[88.0303,22.0494],[88.0447,22.0298],[88.0562,22.0191],[88.0657,22.0164],[88.0848,22.0229],[88.1279,22.0526],[88.1575,22.0662],[88.1707,22.0766],[88.1891,22.1076],[88.1901,22.1132],[88.1863,22.1217],[88.1593,22.1486],[88.1341,22.1828],[88.103,22.1919],[88.0858,22.1847],[88.0712,22.1832],[88.045,22.2032],[88.0359,22.207],[88.0297,22.2069],[88.0217,22.1984],[88.0037,22.2027],[87.9948,22.2088],[87.9906,22.2201],[87.9949,22.2345],[88.007,22.2333],[88.0091,22.2403],[87.9769,22.2579],[87.9681,22.2599],[87.9524,22.277],[87.948,22.2922],[87.9507,22.3124],[87.9477,22.326],[87.9498,22.3539],[87.9398,22.3891],[87.9377,22.4188],[87.928,22.4265],[87.9044,22.4264],[87.8935,22.4296],[87.8832,22.4387],[87.8807,22.4366],[87.8732,22.4477],[87.8775,22.4602],[87.8857,22.4665],[87.8992,22.4692],[87.8993,22.4725],[87.8797,22.4924],[87.8801,22.5022],[87.8857,22.5062],[87.89,22.5163],[87.8873,22.5247],[87.8707,22.5319],[87.8646,22.5312],[87.8606,22.5399],[87.8436,22.5551],[87.8485,22.5828],[87.855,22.5865],[87.857,22.5849],[87.8502,22.5814],[87.8492,22.5626],[87.8449,22.558],[87.8641,22.5398],[87.8659,22.5334],[87.8845,22.531],[87.8872,22.5375],[87.8869,22.5298],[87.8969,22.5293],[87.8914,22.5274],[87.8953,22.5164],[87.8888,22.4945],[87.9006,22.4897],[87.9068,22.4788],[87.9047,22.4686],[87.8969,22.4577],[87.8807,22.4496],[87.8941,22.4337],[87.9239,22.4311],[87.9373,22.4264],[87.9473,22.4181],[87.948,22.3926],[87.9579,22.3509],[87.956,22.3257],[87.9611,22.3003],[87.9586,22.2823],[87.9781,22.264],[88.0137,22.2407],[88.0267,22.2218],[88.0499,22.2183],[88.0723,22.247],[88.0764,22.2878],[88.0909,22.3077],[88.0916,22.3443],[88.086,22.3619],[88.0926,22.3758],[88.1037,22.3885],[88.133,22.4074],[88.1385,22.4145],[88.136,22.4219],[88.1203,22.4419],[88.1148,22.4581],[88.1151,22.4669],[88.1212,22.4749],[88.1471,22.4827],[88.1684,22.4847],[88.194,22.5122],[88.2372,22.5276],[88.2384,22.5334],[88.232,22.5432],[88.2329,22.5577],[88.2402,22.5632],[88.2568,22.5633],[88.2847,22.5549],[88.3071,22.5517],[88.3229,22.5538],[88.3048,22.5484],[88.2562,22.5619],[88.2384,22.5612],[88.2337,22.5507],[88.2343,22.5428],[88.2426,22.5306],[88.2398,22.5224],[88.2283,22.5161],[88.2103,22.5132],[88.1687,22.4779],[88.132,22.4717],[88.123,22.4674],[88.1239,22.4533],[88.1459,22.4255],[88.1447,22.4053],[88.1384,22.3975],[88.1141,22.3837],[88.1065,22.3736],[88.1009,22.3322],[88.1048,22.2954],[88.1012,22.2843],[88.0879,22.2704],[88.0873,22.2435],[88.0828,22.2312],[88.07,22.2153],[88.0719,22.2102],[88.1159,22.2093],[88.1345,22.2007],[88.1644,22.1979],[88.1815,22.1913],[88.1934,22.1828],[88.2015,22.172],[88.2108,22.1317],[88.2243,22.0992],[88.2248,22.0775],[88.2124,22.0511],[88.1918,22.0218],[88.1648,21.9989],[88.1415,21.9583],[88.1646,21.9303],[88.1683,21.9034],[88.1588,21.8854],[88.1957,21.8426],[88.2001,21.8291],[88.2022,21.7964],[88.2137,21.7625],[88.2149,21.7463],[88.2074,21.7104],[88.1812,21.6874],[88.1902,21.7002],[88.2026,21.7107],[88.1973,21.7223],[88.1783,21.702],[88.1764,21.6925],[88.1801,21.6672],[88.1901,21.6468],[88.1889,21.6405],[88.2027,21.6059],[88.2116,21.6004],[88.2102,21.6173],[88.2129,21.6239],[88.2297,21.6416],[88.2314,21.6471],[88.2266,21.6564],[88.2305,21.6579],[88.2373,21.645],[88.218,21.6189],[88.2186,21.6141],[88.2317,21.6063],[88.2473,21.5843],[88.2542,21.5956],[88.2397,21.6168],[88.243,21.6262],[88.2543,21.6302],[88.2551,21.6284],[88.2428,21.6229],[88.2425,21.6178],[88.2583,21.595],[88.2556,21.5862],[88.2408,21.5731],[88.241,21.5666],[88.2468,21.5599],[88.2561,21.5562],[88.2744,21.5687],[88.2738,21.5752],[88.2771,21.5802],[88.2848,21.576],[88.2858,21.5941],[88.2964,21.5938],[88.2931,21.601],[88.2908,21.6234],[88.3047,21.6656],[88.3046,21.6769],[88.2807,21.7101],[88.2758,21.7278],[88.2955,21.7276],[88.289,21.776],[88.2627,21.8009],[88.2638,21.8118],[88.2751,21.8194],[88.3091,21.8323],[88.3014,21.8238],[88.2662,21.8044],[88.2654,21.8013],[88.2705,21.7966],[88.2997,21.7843],[88.3092,21.7361],[88.3046,21.7175],[88.3085,21.7134],[88.3224,21.7095],[88.3314,21.7102],[88.3228,21.7227],[88.33,21.7223],[88.3393,21.715],[88.3485,21.6952],[88.355,21.688],[88.3691,21.6801],[88.3797,21.6648],[88.3842,21.6515],[88.384,21.6287],[88.3873,21.621],[88.383,21.613],[88.3859,21.6044],[88.3936,21.6045],[88.3957,21.5967],[88.3879,21.5937],[88.4017,21.5845],[88.4125,21.5849],[88.4112,21.6046],[88.4182,21.6139],[88.4316,21.6193],[88.4322,21.6278],[88.4276,21.6374],[88.4125,21.654],[88.4137,21.6913],[88.4187,21.6984],[88.4298,21.7006],[88.4408,21.7102],[88.4553,21.7124],[88.4523,21.7305],[88.454,21.751],[88.4662,21.7833],[88.5015,21.8091],[88.4984,21.8243],[88.4908,21.8346],[88.4906,21.851],[88.4765,21.8895],[88.4791,21.9056],[88.5033,21.9206],[88.5077,21.9354],[88.4964,21.9528],[88.493,21.9696],[88.5053,21.9833],[88.5151,21.9881],[88.5164,21.9847],[88.5025,21.9757],[88.4983,21.9669],[88.4999,21.9615],[88.5178,21.9454],[88.5243,21.9315],[88.5202,21.9147],[88.5025,21.8969],[88.5115,21.9009],[88.4978,21.8913],[88.4949,21.877],[88.4991,21.8709],[88.5112,21.8656],[88.5238,21.8536],[88.5329,21.8564],[88.5386,21.8609],[88.5375,21.871],[88.5462,21.8809],[88.5451,21.8934],[88.5388,21.9027],[88.5424,21.9082],[88.5621,21.9007],[88.5683,21.9053],[88.5723,21.8842],[88.5911,21.8916],[88.6061,21.9055],[88.609,21.9123],[88.6051,21.9332],[88.6183,21.9361],[88.6181,21.9412],[88.605,21.961],[88.6022,21.9753],[88.6043,21.9884],[88.6216,22.0257],[88.6381,22.0461],[88.6468,22.0487],[88.6467,22.0394],[88.644,22.0271],[88.6218,21.986],[88.6211,21.9727],[88.6251,21.9561],[88.6374,21.9576],[88.6375,21.9543],[88.6474,21.9454],[88.6525,21.9446],[88.6702,21.947],[88.6854,21.9427],[88.6947,21.9434],[88.7003,21.9494],[88.7049,21.9459],[88.7059,21.951],[88.6997,21.9732],[88.7068,21.9898],[88.7235,22.0071],[88.7386,22.0165],[88.7399,22.0265],[88.7281,22.0438],[88.7381,22.0535],[88.7412,22.0654],[88.7476,22.0713],[88.7496,22.0805],[88.7546,22.0868],[88.7704,22.0932],[88.772,22.107],[88.7861,22.1148],[88.7959,22.1133],[88.7991,22.1265],[88.8077,22.1326],[88.8199,22.1271],[88.8311,22.1261],[88.8289,22.1209],[88.8114,22.1245],[88.8045,22.1178],[88.805,22.1103],[88.8014,22.106],[88.7891,22.1085],[88.7808,22.1034],[88.7758,22.086],[88.7649,22.0838],[88.7587,22.079],[88.7476,22.0592],[88.7515,22.0551],[88.7714,22.0539],[88.7739,22.0499],[88.754,22.0498],[88.7527,22.0437],[88.7565,22.0427],[88.7617,22.029],[88.7623,22.0154],[88.7547,22.0005],[88.7424,21.9875],[88.7409,21.9812],[88.7441,21.979],[88.7603,21.9988],[88.7634,21.9976],[88.7572,21.9852],[88.7613,21.9836],[88.7702,21.9891],[88.7828,21.9826],[88.781,21.9698],[88.8048,21.9662],[88.837,21.9754],[88.841,21.9667],[88.8373,21.9461],[88.8386,21.9392],[88.8443,21.9344],[88.8591,21.932],[88.872,21.9205],[88.8845,21.9185],[88.8992,21.9241],[88.9014,21.9303],[88.8941,21.9417],[88.9017,21.9372],[88.9052,21.962],[88.9036,21.9684],[88.8998,21.9708],[88.9017,21.9763],[88.898,21.998],[88.9005,22.0042],[88.9052,22.0042],[88.9098,21.9991],[88.9108,21.9857],[88.9159,21.9778],[88.9297,21.9861],[88.9292,21.9979],[88.9347,22.0014],[88.93,22.0292],[88.9298,22.0562],[88.9335,22.0678],[88.9428,22.0723],[88.9652,22.0756],[88.9726,22.0834],[88.982,22.11],[88.9896,22.1118],[88.9826,22.0827],[88.9712,22.0701],[88.9445,22.0624],[88.9395,22.0568],[88.9391,22.0261],[88.9484,22.0005],[88.9415,21.9909],[88.9419,21.9822],[88.9376,21.9746],[88.9283,21.9667],[88.9238,21.9579],[88.9255,21.9429],[88.9399,21.9265],[88.9621,21.9237],[88.9643,21.9191],[88.9965,21.8998],[89.0096,21.8961],[89.0147,21.8996],[89.0138,21.9065],[89.0223,21.9173],[89.0219,21.9216],[89.0134,21.9303],[88.9866,21.9462],[88.9874,21.9525],[89.0047,21.9713],[89.0111,21.9741],[89.0131,21.9705],[89.0003,21.9558],[89.0006,21.9507],[89.0271,21.9258],[89.0634,21.9321],[89.0707,21.9485],[89.0687,21.9823],[89.0707,22.0114],[89.0752,22.0133],[89.0815,22.0107],[89.0463,22.063],[89.0393,22.0935],[89.042,22.1068],[89.0493,22.1156],[89.093,22.1439],[89.098,22.1507],[89.0942,22.1601],[89.0862,22.1581],[89.0773,22.1471],[89.0705,22.1501],[89.0634,22.1688],[89.072,22.1934],[89.0636,22.2055],[89.043,22.2245],[89.0375,22.2338],[89.0311,22.2602],[89.0133,22.2534],[89.011,22.2559],[89.0194,22.2646],[89.0182,22.2697],[88.9955,22.2844],[88.9952,22.2938],[88.9985,22.2964],[89.0098,22.298],[89.0195,22.2947],[89.0242,22.2976],[88.9992,22.3249],[88.9906,22.3228],[88.9842,22.3273],[88.9882,22.3514],[88.9857,22.3565],[88.9898,22.3637],[88.9836,22.3739],[88.9929,22.3884],[88.991,22.394],[88.9741,22.409],[88.9737,22.4128],[89.0013,22.4296],[88.9906,22.4472],[88.9947,22.4537],[88.9971,22.4699],[88.9822,22.483],[88.9744,22.4973],[88.9722,22.5225],[88.9631,22.5485],[88.9545,22.5586],[88.945,22.5578],[88.9425,22.5637],[88.944,22.5708],[88.9383,22.5807],[88.9372,22.5914],[88.9544,22.6084],[88.9584,22.6164],[88.9336,22.6277],[88.9258,22.6503],[88.9333,22.652],[88.9333,22.6567],[88.9449,22.6623],[88.9479,22.6776],[88.9556,22.686],[88.9616,22.6852],[88.9624,22.695],[88.9561,22.704],[88.9279,22.7181],[88.9252,22.7279],[88.9187,22.7306],[88.9159,22.7357],[88.9203,22.7539],[88.9147,22.7538],[88.911,22.7577],[88.9188,22.7708],[88.9258,22.7699],[88.9239,22.7796],[88.929,22.7832],[88.9357,22.7819],[88.9381,22.793],[88.9433,22.7903],[88.9496,22.7973],[88.9579,22.7959],[88.9599,22.8071],[88.9554,22.8088],[88.9645,22.8262],[88.9678,22.8461],[88.9546,22.8627],[88.9481,22.8776],[88.942,22.88],[88.94,22.8749],[88.9283,22.8725],[88.9235,22.8795],[88.9162,22.8775],[88.9094,22.8799],[88.9089,22.885],[88.9054,22.8858],[88.9078,22.8936],[88.8979,22.898],[88.901,22.9061],[88.8968,22.9141],[88.9055,22.9146],[88.9084,22.9189],[88.891,22.9272],[88.8869,22.934],[88.8925,22.9375],[88.8937,22.9524],[88.8801,22.9541],[88.8748,22.9481],[88.8693,22.9514],[88.8588,22.9443],[88.8551,22.9579],[88.8587,22.9713],[88.871,22.9786],[88.866,22.9838],[88.8654,22.9993],[88.8596,23.0028],[88.8518,23.0021],[88.8456,23.0078],[88.8458,23.0109],[88.8772,23.0032],[88.8788,23.01],[88.8744,23.0102],[88.8725,23.019],[88.8795,23.0241],[88.8841,23.0404],[88.8749,23.0445],[88.8742,23.0658],[88.8678,23.0696],[88.8653,23.0774],[88.8662,23.0861],[88.8746,23.0898],[88.8685,23.1011],[88.8836,23.1046],[88.8835,23.1109],[88.8921,23.1077],[88.904,23.1187],[88.9103,23.1297],[88.9179,23.1291],[88.9233,23.1451],[88.9308,23.1432],[88.9323,23.1561],[88.928,23.1634],[88.934,23.1618],[88.9327,23.1654],[88.9391,23.1768],[88.9442,23.1762],[88.9462,23.1806],[88.9578,23.1832],[88.9583,23.1896],[88.9623,23.1932],[88.9744,23.1928],[88.9761,23.1819],[88.9864,23.2074],[88.9794,23.2114],[88.9826,23.2152],[88.9906,23.2128],[88.9828,23.2218],[88.9759,23.2244],[88.9641,23.2147],[88.9422,23.2064],[88.9294,23.2117],[88.9298,23.2156],[88.9231,23.2181],[88.9176,23.2126],[88.914,23.2142],[88.9167,23.2227],[88.9122,23.2339],[88.904,23.2357],[88.8998,23.2318],[88.885,23.2294],[88.8538,23.2363],[88.8501,23.2304],[88.8449,23.2305],[88.8374,23.2431],[88.8255,23.2333],[88.8226,23.2358],[88.8288,23.2449],[88.8098,23.2545],[88.8059,23.238],[88.8114,23.2216],[88.7898,23.2183],[88.7884,23.2218],[88.7787,23.2207],[88.7744,23.2244],[88.7733,23.231],[88.7761,23.2363],[88.7674,23.2457],[88.7597,23.2458],[88.7591,23.2418],[88.7519,23.2402],[88.7189,23.2548],[88.7244,23.2715],[88.7114,23.2782],[88.7118,23.2859],[88.7065,23.2915],[88.6973,23.2923],[88.6963,23.3017],[88.7085,23.3125],[88.7126,23.3108],[88.7074,23.3082],[88.708,23.3036],[88.7138,23.306],[88.72,23.3033],[88.7188,23.2986],[88.7266,23.2995],[88.725,23.3183],[88.7316,23.3189],[88.7287,23.3132],[88.7349,23.3061],[88.7453,23.3078],[88.7497,23.3211],[88.7437,23.3279],[88.7327,23.3281],[88.7388,23.3425],[88.7332,23.347],[88.7344,23.3533],[88.7436,23.3488],[88.7479,23.3621],[88.7596,23.3606],[88.7656,23.3688],[88.7585,23.3741],[88.7596,23.3846],[88.7529,23.3891],[88.7544,23.3951],[88.749,23.3984],[88.7608,23.4075],[88.7545,23.4164],[88.765,23.4485],[88.7822,23.4413],[88.7851,23.4448],[88.7925,23.4438],[88.7895,23.4591],[88.7929,23.4611],[88.7873,23.4691],[88.7941,23.4809],[88.7994,23.4822],[88.8014,23.4862],[88.7947,23.4856],[88.8008,23.4971],[88.7928,23.5029],[88.7848,23.497],[88.7839,23.5023],[88.772,23.4978],[88.7682,23.4901],[88.7749,23.4798],[88.7667,23.482],[88.7632,23.4888],[88.7569,23.486],[88.7617,23.4803],[88.7581,23.478],[88.7474,23.4827],[88.745,23.4807],[88.7427,23.4866],[88.7319,23.4959],[88.7251,23.5118],[88.7123,23.5098],[88.7062,23.5171],[88.6958,23.5173],[88.6963,23.5258],[88.6915,23.5254],[88.6917,23.5307],[88.6859,23.5293],[88.6862,23.5378],[88.6737,23.5488],[88.6672,23.5458],[88.6541,23.5564],[88.6552,23.5629],[88.6483,23.5804],[88.6506,23.5854],[88.6441,23.5915],[88.6388,23.5907],[88.6452,23.6094],[88.6382,23.6107],[88.6371,23.6067],[88.6332,23.6092],[88.6182,23.6018],[88.6138,23.6034],[88.6049,23.6004],[88.6072,23.6045],[88.6015,23.6069],[88.5972,23.602],[88.5801,23.603],[88.5813,23.6099],[88.5938,23.617],[88.5938,23.6408],[88.5719,23.6363],[88.5622,23.6371],[88.5627,23.6464],[88.5582,23.6492],[88.5627,23.6576],[88.5663,23.6569],[88.5703,23.6612],[88.5694,23.6661],[88.5736,23.6668],[88.5722,23.6737],[88.5748,23.677],[88.5729,23.6851],[88.5675,23.6862],[88.5647,23.7131],[88.5679,23.7148],[88.5684,23.7257],[88.5742,23.7289],[88.5766,23.7356],[88.5724,23.7475],[88.5804,23.7579],[88.5796,23.7747],[88.565,23.7773],[88.5565,23.7844],[88.5733,23.7835],[88.5827,23.7911],[88.5816,23.7973],[88.5923,23.7982],[88.5924,23.8045],[88.5962,23.8049],[88.5876,23.8105],[88.5985,23.8108],[88.6021,23.8178],[88.5865,23.8312],[88.5872,23.8439],[88.5916,23.8518],[88.5867,23.8551],[88.5784,23.8507],[88.5756,23.8616],[88.5825,23.8625],[88.5875,23.8715],[88.5991,23.8695],[88.6085,23.8625],[88.6088,23.8724],[88.6132,23.8756],[88.6248,23.8751],[88.624,23.8679],[88.6267,23.8649],[88.6377,23.8712],[88.6533,23.8667],[88.6676,23.8695],[88.6643,23.8824],[88.6746,23.8838],[88.684,23.8898],[88.6884,23.9015],[88.7033,23.8999],[88.6996,23.9083],[88.7064,23.9163],[88.713,23.9125],[88.715,23.916],[88.723,23.9163],[88.7249,23.9128],[88.7354,23.9146],[88.7329,23.9227],[88.7356,23.9229],[88.7349,23.9329],[88.7434,23.9302],[88.7388,23.9495],[88.7325,23.9611],[88.7357,23.9634],[88.7385,23.9832],[88.7456,23.9853],[88.7687,23.9815],[88.7612,24.0056],[88.7526,24.0066],[88.7411,24.0025],[88.7378,23.9968],[88.7304,23.9951],[88.7285,23.9988],[88.7324,24.0136],[88.7367,24.0185],[88.749,24.0222],[88.7568,24.0329],[88.742,24.0329],[88.7419,24.0353],[88.7255,24.041],[88.7246,24.0477],[88.7422,24.05],[88.7416,24.0571],[88.7336,24.0662],[88.7278,24.0641],[88.7235,24.0687],[88.7237,24.073],[88.7003,24.0943],[88.7009,24.1081],[88.6932,24.1111],[88.6975,24.1205],[88.7085,24.12],[88.7465,24.1471],[88.7403,24.1633],[88.7316,24.1716],[88.7345,24.2222],[88.741,24.2539],[88.7354,24.2765],[88.7248,24.2978],[88.7062,24.3117],[88.6966,24.3154],[88.659,24.3144],[88.6525,24.305],[88.6489,24.3109],[88.6285,24.3051],[88.6236,24.3157],[88.6067,24.3152],[88.6033,24.3101],[88.5877,24.3145],[88.5872,24.3241],[88.5677,24.3267],[88.5551,24.2933],[88.5271,24.3444],[88.5079,24.3425],[88.496,24.3544],[88.4837,24.357],[88.4464,24.3786],[88.4303,24.3837],[88.3893,24.3719],[88.3666,24.373],[88.3453,24.3766],[88.3283,24.3849],[88.2849,24.4222],[88.2755,24.4378],[88.2633,24.446],[88.2044,24.4594],[88.1913,24.4685],[88.185,24.4815],[88.1736,24.4931],[88.1495,24.5038],[88.1408,24.5112],[88.1056,24.5462],[88.0895,24.5669],[88.0692,24.6033],[88.0395,24.6448],[88.0279,24.6498],[88.0088,24.6678],[88.0387,24.7011],[88.0629,24.7216],[88.0725,24.7436],[88.0658,24.7507],[88.0746,24.7608],[88.0689,24.7638],[88.0683,24.7692],[88.0725,24.773],[88.0779,24.7691],[88.089,24.7829],[88.1061,24.7796],[88.105,24.7985],[88.1106,24.8122],[88.1236,24.8231],[88.1308,24.805],[88.1363,24.8053],[88.1347,24.834],[88.1409,24.8344],[88.1446,24.8497],[88.164,24.85],[88.1623,24.858],[88.1755,24.8618],[88.1659,24.8634],[88.1594,24.872],[88.1637,24.878],[88.1527,24.8844],[88.1571,24.8918],[88.1607,24.889],[88.169,24.8929],[88.1539,24.8996],[88.1535,24.9067],[88.1468,24.9127],[88.1404,24.914],[88.138,24.9362],[88.1455,24.9367],[88.1498,24.9325],[88.1575,24.9335],[88.1584,24.9414],[88.1646,24.9413],[88.165,24.9462],[88.1702,24.9504],[88.1755,24.9462],[88.1836,24.9539],[88.1902,24.9522],[88.1989,24.9566],[88.2248,24.96],[88.2498,24.9356],[88.2605,24.9192],[88.2645,24.8981],[88.2583,24.8776],[88.2672,24.8783],[88.2674,24.8873],[88.2736,24.8968],[88.2777,24.8969],[88.2758,24.8918],[88.302,24.8858],[88.298,24.8814],[88.3026,24.8717],[88.3075,24.8775],[88.3211,24.8835],[88.3209,24.8761],[88.3274,24.8702],[88.3331,24.871],[88.3341,24.8774],[88.339,24.8785],[88.347,24.8924],[88.344,24.8995],[88.3328,24.8972],[88.3341,24.9048],[88.3287,24.904],[88.3243,24.9167],[88.3353,24.9202],[88.3346,24.927],[88.3413,24.9352],[88.3401,24.9396],[88.3511,24.9447],[88.3547,24.9421],[88.359,24.9517],[88.3662,24.9529],[88.3642,24.9484],[88.3811,24.9393],[88.3874,24.9395],[88.3888,24.9436],[88.3942,24.9415],[88.4019,24.9506],[88.3929,24.9648],[88.4051,24.9797],[88.4108,24.9735],[88.4174,24.9749],[88.4163,24.9802],[88.4123,24.9823],[88.4186,24.9843],[88.4117,24.9855],[88.4145,24.9945],[88.412,24.9987],[88.4182,24.9984],[88.4221,25.0069],[88.4254,25.0065],[88.4264,25.0161],[88.4274,25.008],[88.4368,25.0067],[88.4352,25.0133],[88.4399,25.0154],[88.4386,25.0221],[88.444,25.025],[88.4457,25.0332],[88.4525,25.0366],[88.4471,25.0417],[88.4378,25.0431],[88.4354,25.0551],[88.4529,25.0793],[88.4463,25.0832],[88.4441,25.0997],[88.4478,25.1096],[88.4421,25.115],[88.4414,25.1275],[88.4587,25.1356],[88.4609,25.1445],[88.4576,25.1473],[88.4613,25.1493],[88.457,25.1531],[88.4598,25.1608],[88.4565,25.1647],[88.4528,25.1638],[88.4491,25.1716],[88.4425,25.1736],[88.4454,25.1802],[88.4419,25.1846],[88.4437,25.1973],[88.4634,25.195],[88.472,25.1976],[88.4697,25.2],[88.4755,25.2134],[88.4998,25.2098],[88.4998,25.2035],[88.5378,25.1978],[88.5326,25.1939],[88.534,25.1875],[88.5408,25.189],[88.542,25.1939],[88.5482,25.1948],[88.56,25.1909],[88.5598,25.1843],[88.5558,25.179],[88.5637,25.1751],[88.5796,25.1768],[88.5817,25.1822],[88.587,25.1822],[88.5917,25.187],[88.5904,25.1928],[88.5979,25.1909],[88.6103,25.198],[88.6128,25.2042],[88.631,25.2017],[88.6429,25.2063],[88.6642,25.2028],[88.6677,25.1983],[88.6727,25.1983],[88.6801,25.2089],[88.7116,25.2076],[88.7172,25.2018],[88.7245,25.202],[88.734,25.1969],[88.7362,25.1866],[88.7422,25.1874],[88.7437,25.1834],[88.7509,25.1828],[88.7488,25.177],[88.7524,25.1768],[88.7592,25.1857],[88.767,25.1831],[88.7694,25.1899],[88.7742,25.1853],[88.7737,25.1794],[88.8059,25.1705],[88.806,25.1734],[88.8134,25.1743],[88.8179,25.1889],[88.8258,25.1909],[88.8315,25.2065],[88.8368,25.2062],[88.8376,25.2109],[88.8501,25.2102],[88.8498,25.2017],[88.8649,25.2006],[88.8642,25.1901],[88.8715,25.1914],[88.8753,25.1793],[88.8892,25.1786],[88.8894,25.184],[88.9126,25.1779],[88.9124,25.168],[88.9231,25.1649],[88.9241,25.1718],[88.9343,25.1814],[88.939,25.1792],[88.9411,25.1736],[88.9485,25.1764],[88.9496,25.1812],[88.9435,25.183],[88.9476,25.1944],[88.9379,25.1935],[88.9338,25.1999],[88.938,25.2118],[88.9436,25.2065],[88.9613,25.2083],[88.9578,25.2231],[88.9524,25.2293],[88.9544,25.2371],[88.9506,25.2439],[88.959,25.2544],[88.9798,25.2636],[88.9867,25.2741],[88.9924,25.2737],[88.9932,25.2701],[89.0056,25.2687],[89.0076,25.2636],[89.009,25.303],[89.0023,25.2966],[88.9926,25.2962],[88.9828,25.3029],[88.9854,25.3059],[88.9759,25.3062],[88.971,25.301],[88.9605,25.3059],[88.9604,25.3014],[88.9498,25.3037],[88.9392,25.3007],[88.9295,25.3041],[88.9287,25.3165],[88.924,25.312],[88.916,25.312],[88.9066,25.3268],[88.9063,25.3377],[88.8876,25.3371],[88.8858,25.3346],[88.8885,25.3261],[88.8851,25.3256],[88.8764,25.3332],[88.8757,25.3373],[88.8665,25.343],[88.8689,25.3522],[88.8557,25.3542],[88.8545,25.3632],[88.8402,25.3638],[88.8371,25.3908],[88.8413,25.3934],[88.8372,25.4018],[88.8238,25.401],[88.8232,25.4095],[88.8125,25.4104],[88.8196,25.4153],[88.83,25.417],[88.8299,25.4276],[88.8345,25.4274],[88.833,25.436],[88.8281,25.4366],[88.8258,25.4407],[88.8286,25.4488],[88.8379,25.4533],[88.8392,25.4591],[88.8352,25.4633],[88.8372,25.4732],[88.8297,25.4903],[88.8138,25.4879],[88.8084,25.5176],[88.8111,25.5221],[88.7924,25.5227],[88.7803,25.5152],[88.7678,25.5218],[88.7673,25.5252],[88.7587,25.5252],[88.7595,25.5107],[88.7688,25.5034],[88.7687,25.4985],[88.7601,25.4928],[88.7494,25.4939],[88.745,25.4879],[88.7402,25.4892],[88.7439,25.4948],[88.7422,25.505],[88.7264,25.5032],[88.7212,25.4997],[88.7075,25.4999],[88.7104,25.4806],[88.7075,25.477],[88.7004,25.476],[88.6996,25.4712],[88.6845,25.4756],[88.663,25.4736],[88.6606,25.4814],[88.6474,25.4778],[88.6441,25.4908],[88.6484,25.4931],[88.647,25.4972],[88.6411,25.4998],[88.6225,25.497],[88.613,25.5099],[88.6085,25.5096],[88.6091,25.5163],[88.603,25.5161],[88.5974,25.5064],[88.5909,25.5094],[88.5729,25.5088],[88.5683,25.5139],[88.5602,25.5124],[88.5531,25.5153],[88.5549,25.5209],[88.548,25.5182],[88.5464,25.5083],[88.54,25.5083],[88.5404,25.5199],[88.5374,25.521],[88.5406,25.5301],[88.5394,25.5348],[88.5328,25.5322],[88.5331,25.5421],[88.5277,25.5433],[88.5235,25.5352],[88.5187,25.5383],[88.5197,25.5446],[88.5003,25.5508],[88.499,25.5587],[88.4935,25.5589],[88.4999,25.584],[88.4834,25.5864],[88.4683,25.5835],[88.4658,25.5918],[88.4595,25.5935],[88.456,25.5985],[88.4444,25.5969],[88.4477,25.6055],[88.4484,25.6233],[88.4546,25.6292],[88.4565,25.6411],[88.4543,25.6639],[88.4017,25.6726],[88.4052,25.6842],[88.3902,25.684],[88.3915,25.6935],[88.3732,25.6978],[88.3706,25.7013],[88.3755,25.7148],[88.3568,25.7213],[88.3589,25.7281],[88.3441,25.7294],[88.3376,25.7376],[88.3281,25.7401],[88.321,25.7375],[88.3208,25.7452],[88.3151,25.7466],[88.3172,25.7525],[88.2891,25.7678],[88.2908,25.7738],[88.2789,25.7741],[88.2665,25.7825],[88.2698,25.7846],[88.2718,25.7935],[88.2696,25.8082],[88.2597,25.8138],[88.2587,25.8112],[88.2491,25.8121],[88.2469,25.806],[88.2446,25.8093],[88.2363,25.8094],[88.2302,25.8022],[88.2321,25.7975],[88.2265,25.7995],[88.2226,25.797],[88.2157,25.8014],[88.2097,25.7869],[88.1995,25.79],[88.199,25.7951],[88.1935,25.8015],[88.1838,25.8017],[88.1803,25.7933],[88.1755,25.7931],[88.1731,25.7866],[88.1654,25.7892],[88.16,25.7872],[88.1549,25.777],[88.1471,25.7763],[88.1486,25.7811],[88.1417,25.7802],[88.1443,25.7936],[88.1387,25.7966],[88.1145,25.7979],[88.1201,25.8124],[88.107,25.815],[88.1116,25.8217],[88.102,25.8279],[88.1084,25.8383],[88.1027,25.8409],[88.1022,25.8453],[88.1088,25.8465],[88.1139,25.8544],[88.1098,25.8604],[88.1094,25.869],[88.1016,25.8624],[88.1023,25.8709],[88.0939,25.8743],[88.0989,25.8785],[88.0969,25.8802],[88.103,25.8893],[88.0993,25.894],[88.0904,25.8964],[88.0938,25.899],[88.0904,25.9028],[88.0944,25.9084],[88.0908,25.9148],[88.0859,25.9152],[88.0976,25.9336],[88.1115,25.9333],[88.1126,25.9435],[88.1179,25.9438],[88.1225,25.9497],[88.114,25.9583],[88.1152,25.9628],[88.1243,25.9662],[88.1201,25.9693],[88.1214,25.9746],[88.1279,25.9766],[88.1266,25.9809],[88.1319,25.9898],[88.1297,25.9969],[88.1357,26.0006],[88.1402,25.9969],[88.1447,26.0031],[88.1397,26.0129],[88.1472,26.0136],[88.1549,26.02],[88.1618,26.0183],[88.1669,26.0217],[88.1783,26.0214],[88.1832,26.0268],[88.1807,26.0308],[88.1718,26.0328],[88.1745,26.0418],[88.1695,26.0452],[88.1711,26.0486],[88.1776,26.0489],[88.1761,26.0581],[88.1802,26.0582],[88.1857,26.0647],[88.1817,26.067],[88.1836,26.0722],[88.1736,26.0756],[88.1686,26.0836],[88.1628,26.0769],[88.1587,26.0821],[88.1649,26.0859],[88.1585,26.0953],[88.1635,26.101],[88.1652,26.1088],[88.172,26.1103],[88.1735,26.1192],[88.1777,26.1221],[88.174,26.1302],[88.1797,26.1401],[88.1768,26.1425],[88.1772,26.148],[88.1911,26.1551],[88.1985,26.1636],[88.2009,26.1595],[88.2061,26.1594],[88.2159,26.163],[88.2117,26.1675],[88.2173,26.1699],[88.2229,26.1661],[88.2256,26.1714],[88.2334,26.1736],[88.237,26.1787],[88.2335,26.181],[88.2416,26.1888],[88.2495,26.1899],[88.2511,26.1856],[88.2569,26.1889],[88.2693,26.1865],[88.2764,26.1886],[88.2792,26.1943],[88.2842,26.1948],[88.2916,26.2022],[88.2925,26.1982],[88.3044,26.1991],[88.3084,26.2043],[88.3198,26.2029],[88.3258,26.2063],[88.3231,26.2102],[88.3478,26.2218],[88.3531,26.2271],[88.3512,26.2305],[88.3561,26.2327],[88.3544,26.2383],[88.3596,26.2426],[88.3486,26.2503],[88.3496,26.2822],[88.3527,26.2821],[88.364,26.2942],[88.3653,26.3002],[88.3683,26.2994],[88.3713,26.3058],[88.3786,26.3055],[88.3843,26.3127],[88.3983,26.317],[88.4149,26.3148],[88.4157,26.3243],[88.407,26.3237],[88.408,26.3277],[88.4038,26.3281],[88.4129,26.3375],[88.4338,26.335],[88.439,26.341],[88.4381,26.3468],[88.4439,26.3594],[88.4591,26.377],[88.4586,26.3621],[88.4632,26.3573],[88.4774,26.3577],[88.4803,26.3507],[88.4885,26.3488],[88.4919,26.3514],[88.4884,26.3603],[88.5086,26.3615],[88.5055,26.3563],[88.5072,26.3488],[88.5093,26.3526],[88.5186,26.3516],[88.518,26.3568],[88.5221,26.359],[88.5212,26.3632],[88.5157,26.3658],[88.5212,26.3665],[88.5236,26.3755],[88.5172,26.3706],[88.5128,26.3778],[88.5156,26.3852],[88.505,26.3991],[88.5093,26.4006],[88.509,26.4072],[88.502,26.4032],[88.4954,26.4103],[88.5028,26.4175],[88.4962,26.417],[88.4944,26.4227],[88.4966,26.4277],[88.4907,26.4286],[88.4962,26.4371],[88.4874,26.4446],[88.4865,26.4506],[88.4787,26.453],[88.4852,26.4603],[88.4585,26.4667],[88.4374,26.4659],[88.4284,26.4729],[88.4228,26.4727],[88.4196,26.4658],[88.4051,26.4806],[88.4056,26.4851],[88.3888,26.4783],[88.3863,26.4829],[88.3757,26.484],[88.3745,26.4885],[88.3606,26.4847],[88.3626,26.4729],[88.366,26.4709],[88.3613,26.4662],[88.355,26.447],[88.3471,26.4683],[88.3405,26.4689],[88.3409,26.4782],[88.3338,26.4787],[88.3321,26.4932],[88.3495,26.5091],[88.3531,26.5159],[88.3519,26.5232],[88.3594,26.5301],[88.3578,26.5434],[88.3705,26.5595],[88.3703,26.5761],[88.374,26.5792],[88.3761,26.5947],[88.3986,26.6056],[88.3877,26.6071],[88.387,26.612],[88.3969,26.6179],[88.3982,26.6258],[88.4091,26.6318],[88.4093,26.6349],[88.4152,26.6332],[88.4145,26.6226],[88.418,26.6216],[88.4192,26.5905],[88.4226,26.5828],[88.4215,26.5711],[88.4323,26.5484],[88.4372,26.5441],[88.4429,26.5441],[88.4434,26.5393],[88.4483,26.5353],[88.4556,26.5362],[88.4589,26.5471],[88.4626,26.5438],[88.4759,26.5445],[88.485,26.5407],[88.4826,26.5303],[88.4897,26.532],[88.4898,26.5104],[88.5081,26.5162],[88.5107,26.5107],[88.5199,26.5113],[88.5222,26.5062],[88.5187,26.5021],[88.5275,26.4875],[88.5265,26.4814],[88.5568,26.4848],[88.5526,26.4753],[88.5581,26.4669],[88.5621,26.4675],[88.5595,26.4618],[88.5627,26.4587],[88.5788,26.4567],[88.585,26.4533],[88.5844,26.4503],[88.5948,26.4521],[88.5956,26.4709],[88.6229,26.4711],[88.6283,26.441],[88.6232,26.4383],[88.6261,26.4336],[88.6383,26.4295],[88.6498,26.4296],[88.6511,26.4217],[88.6451,26.4199],[88.6506,26.4155],[88.6605,26.4163],[88.6678,26.4072],[88.6844,26.4067],[88.6874,26.401],[88.6738,26.4009],[88.67,26.3976],[88.6797,26.3942],[88.6885,26.396],[88.6874,26.3868],[88.6995,26.3901],[88.7022,26.3858],[88.6821,26.3822],[88.6813,26.3779],[88.6853,26.3755],[88.6889,26.365],[88.695,26.3636],[88.6926,26.3577],[88.6985,26.3572],[88.6979,26.3495],[88.6941,26.3468],[88.6986,26.3411],[88.704,26.3419],[88.7016,26.3381],[88.7047,26.3325],[88.7102,26.3347],[88.7129,26.3437],[88.7239,26.3429],[88.7292,26.3475],[88.7359,26.348],[88.7333,26.3538],[88.7376,26.3533],[88.7364,26.3494],[88.744,26.3487],[88.7456,26.3446],[88.7428,26.3367],[88.7395,26.3368],[88.7339,26.3285],[88.7487,26.3319],[88.7465,26.3224],[88.7307,26.3236],[88.7312,26.3184],[88.7203,26.3139],[88.717,26.3176],[88.6933,26.314],[88.6902,26.3231],[88.6954,26.3288],[88.6909,26.3295],[88.6894,26.3232],[88.6751,26.3201],[88.677,26.313],[88.6826,26.3125],[88.6831,26.3085],[88.6788,26.3078],[88.6787,26.2988],[88.668,26.2972],[88.6697,26.2896],[88.6657,26.2849],[88.6696,26.2808],[88.6676,26.272],[88.6721,26.2723],[88.6719,26.2668],[88.6674,26.2634],[88.6782,26.2641],[88.6795,26.2589],[88.6901,26.2667],[88.6919,26.2724],[88.6875,26.2727],[88.6861,26.2768],[88.6962,26.2773],[88.6997,26.2842],[88.7096,26.2866],[88.7125,26.2827],[88.7212,26.2833],[88.7297,26.2946],[88.7379,26.2924],[88.7426,26.2993],[88.7487,26.3009],[88.7475,26.2955],[88.7586,26.2948],[88.7598,26.3003],[88.7837,26.3035],[88.7936,26.31],[88.8191,26.2945],[88.8133,26.2885],[88.8104,26.2742],[88.8138,26.2734],[88.8136,26.2546],[88.8232,26.2533],[88.8234,26.2486],[88.8292,26.2497],[88.8277,26.2396],[88.8381,26.2382],[88.8384,26.2321],[88.8543,26.235],[88.8598,26.2314],[88.8779,26.2334],[88.8779,26.2415],[88.8717,26.2405],[88.8716,26.245],[88.8615,26.252],[88.8613,26.2637],[88.8646,26.2687],[88.8613,26.2721],[88.8759,26.2866],[88.8983,26.2886],[88.9181,26.2879],[88.9199,26.2845],[88.9263,26.2838],[88.9531,26.242],[88.9654,26.2387],[88.9792,26.2448],[89.0273,26.2441],[89.0276,26.2476],[89.046,26.2407],[89.0511,26.2425],[89.048,26.2457],[89.052,26.256],[89.0624,26.2536],[89.0605,26.2749],[89.0553,26.2761],[89.0626,26.2789],[89.0575,26.2856],[89.0612,26.2904],[89.0594,26.2935],[89.0531,26.292],[89.0523,26.296],[89.0464,26.2956],[89.0448,26.2836],[89.0491,26.2891],[89.0451,26.2751],[89.0399,26.2765],[89.0401,26.2812],[89.0318,26.2856],[89.0273,26.2828],[89.0247,26.2881],[89.0201,26.2891],[89.0233,26.2933],[89.021,26.2972],[89.0265,26.3045],[89.0212,26.3091],[89.0155,26.303],[89.0196,26.295],[89.0184,26.2898],[89.0124,26.2925],[89.0103,26.3018],[89.0044,26.3037],[89.0049,26.2977],[89,26.2907],[88.9957,26.2902],[88.9976,26.2996],[88.9849,26.3005],[88.9827,26.3095],[88.9851,26.318],[88.9949,26.3132],[88.9915,26.3223],[88.998,26.3224],[89.001,26.3298],[88.9869,26.332],[88.9818,26.341],[88.99,26.3385],[88.9851,26.3499],[88.9776,26.3466],[88.975,26.3508],[88.9606,26.3515],[88.9629,26.3363],[88.9595,26.3359],[88.9604,26.3301],[88.9523,26.3323],[88.9521,26.3412],[88.9591,26.3435],[88.953,26.3462],[88.9462,26.3439],[88.9499,26.3485],[88.9492,26.3527],[88.9581,26.3574],[88.9505,26.3662],[88.9477,26.3559],[88.9321,26.359],[88.926,26.3647],[88.9216,26.3626],[88.9201,26.3662],[88.9143,26.3652],[88.9101,26.3702],[88.9136,26.3741],[88.9201,26.3746],[88.9206,26.3785],[88.9137,26.3779],[88.9097,26.3822],[88.9165,26.3848],[88.9189,26.3944],[88.9174,26.4032],[88.91,26.4008],[88.9067,26.4067],[88.9266,26.4068],[88.9313,26.4142],[88.9255,26.4164],[88.9233,26.424],[88.9312,26.4245],[88.9327,26.4275],[88.9259,26.4276],[88.9281,26.4329],[88.9348,26.4315],[88.9381,26.4256],[88.9448,26.4256],[88.9456,26.4331],[88.9512,26.4336],[88.9462,26.4479],[88.9518,26.4484],[88.9513,26.4521],[88.9606,26.4483],[88.9652,26.4519],[88.9598,26.4523],[88.957,26.4593],[88.9657,26.4576],[88.9663,26.4513],[88.9833,26.4465],[88.981,26.4418],[88.9829,26.438],[88.9788,26.436],[88.9831,26.4309],[88.9808,26.4253],[88.983,26.421],[88.9928,26.4189],[88.994,26.4128],[88.9993,26.4218],[89.0059,26.4214],[89.0072,26.4127],[89.0218,26.4141],[89.0231,26.4083],[89.019,26.4061],[89.0227,26.4039],[89.0245,26.4078],[89.03,26.407],[89.0336,26.3954],[89.0375,26.3952],[89.0378,26.3997],[89.0645,26.3966],[89.0673,26.4],[89.0748,26.396],[89.0845,26.3983],[89.0856,26.3937],[89.08,26.3915],[89.0962,26.3913],[89.0909,26.3881],[89.0885,26.3657],[89.08,26.3667],[89.0983,26.3589],[89.0933,26.3529],[89.098,26.3498],[89.0978,26.3398],[89.1013,26.3365],[89.0849,26.3211],[89.0919,26.3203],[89.0936,26.3258],[89.0992,26.3286],[89.0987,26.324],[89.1037,26.3229],[89.1079,26.3266],[89.1127,26.3184],[89.1236,26.3222],[89.1306,26.3189],[89.1358,26.3212],[89.136,26.3074],[89.1275,26.303],[89.1285,26.2961],[89.1205,26.287],[89.1139,26.2982],[89.114,26.3039],[89.1091,26.3044],[89.1083,26.313],[89.1034,26.3133],[89.1002,26.3039],[89.1076,26.2997],[89.1034,26.2937],[89.1072,26.2916],[89.1026,26.2886],[89.1001,26.2795],[89.106,26.281],[89.105,26.2755],[89.1252,26.2635],[89.1198,26.2526],[89.13,26.2488],[89.1318,26.2402],[89.1391,26.238],[89.1421,26.2145],[89.149,26.2103],[89.1439,26.2003],[89.1402,26.1996],[89.1384,26.1887],[89.1356,26.1873],[89.1376,26.1763],[89.1412,26.1758],[89.141,26.1693],[89.1492,26.17],[89.1554,26.1596],[89.149,26.1594],[89.1522,26.1456],[89.1619,26.1337],[89.1854,26.1287],[89.1924,26.1236],[89.2002,26.1285],[89.2294,26.1239],[89.2292,26.1166],[89.2372,26.1126],[89.2419,26.1054],[89.2515,26.1012],[89.2516,26.0913],[89.2631,26.094],[89.2659,26.0878],[89.2548,26.0742],[89.2544,26.0641],[89.265,26.0612],[89.2762,26.0612],[89.2783,26.0665],[89.2825,26.0641],[89.279,26.0507],[89.2758,26.0491],[89.2966,26.0453],[89.2985,26.0502],[89.3143,26.039],[89.3257,26.0363],[89.3289,26.0283],[89.3386,26.0239],[89.3401,26.0153],[89.349,26.0104],[89.3911,26.0094],[89.393,26.0227],[89.4066,26.0315],[89.4074,26.0415],[89.419,26.0419],[89.4244,26.0454],[89.4328,26.0375],[89.4335,26.0304],[89.4277,26.0203],[89.4275,26.0132],[89.4472,26.008],[89.4617,25.9984],[89.4804,25.9961],[89.4913,26.006],[89.5089,26.0018],[89.5148,26.0074],[89.5212,26.0086],[89.5221,26.0052],[89.5298,26.0057],[89.5375,26.0021],[89.5409,26.0059],[89.548,25.998],[89.5384,25.9948],[89.5361,25.9856],[89.5416,25.9833],[89.5381,25.9741],[89.5404,25.97],[89.5577,25.9654],[89.5578,25.9699],[89.5627,25.9712],[89.5639,25.9788],[89.5684,25.9791],[89.5689,25.9678],[89.5779,25.9693],[89.5765,25.9783],[89.582,25.9792],[89.5852,25.9759],[89.5867,25.9803],[89.5832,25.9902],[89.5861,25.9959],[89.5788,26.0068],[89.5812,26.0095],[89.5787,26.0263],[89.5836,26.0243],[89.5869,26.0383],[89.5951,26.0352],[89.5978,26.038],[89.5922,26.0448],[89.6,26.0447],[89.6126,26.0523],[89.6133,26.0562],[89.6051,26.0608],[89.6074,26.0649],[89.6119,26.0593],[89.6178,26.0601],[89.6161,26.0566],[89.6215,26.0536],[89.6279,26.0577],[89.6286,26.0617],[89.6491,26.0614],[89.6495,26.0668],[89.6374,26.0748],[89.6334,26.0814],[89.6393,26.0911],[89.6336,26.0939],[89.6362,26.0994],[89.6303,26.1068],[89.6253,26.1083],[89.6223,26.101],[89.6162,26.1041],[89.6137,26.1008],[89.6173,26.0947],[89.609,26.0948],[89.6094,26.0887],[89.5939,26.1022],[89.5996,26.1033],[89.5979,26.113],[89.6031,26.1117],[89.6056,26.1063],[89.6172,26.1072],[89.6303,26.1181],[89.6264,26.1284],[89.6207,26.1199],[89.6172,26.1204],[89.612,26.1277],[89.6089,26.1202],[89.6042,26.1175],[89.6023,26.1216],[89.6077,26.1249],[89.6024,26.1267],[89.5965,26.1352],[89.5979,26.1541],[89.5913,26.1569],[89.5951,26.1605],[89.6081,26.1584],[89.6181,26.1691],[89.6112,26.1686],[89.6075,26.1791],[89.6239,26.1791],[89.622,26.1718],[89.6322,26.1797],[89.6374,26.1762],[89.6322,26.1719],[89.6379,26.1721],[89.6378,26.1685],[89.6493,26.1644],[89.6511,26.1708],[89.6552,26.1704],[89.6587,26.1764],[89.6555,26.1814],[89.6499,26.1797],[89.6437,26.1828],[89.6391,26.1786],[89.6293,26.182],[89.6274,26.1888],[89.6302,26.1958],[89.6361,26.1936],[89.638,26.1867],[89.645,26.1847],[89.65,26.1902],[89.6399,26.1993],[89.6383,26.2104],[89.6327,26.2099],[89.6344,26.2294],[89.6556,26.2191],[89.6719,26.2199],[89.6734,26.2316],[89.6787,26.2382],[89.6818,26.2278],[89.6857,26.2309],[89.6883,26.2229],[89.6869,26.2199],[89.679,26.2241],[89.6795,26.2146],[89.6851,26.2086],[89.675,26.2084],[89.6749,26.199],[89.6864,26.1982],[89.6822,26.1924],[89.6875,26.1815],[89.6941,26.1755],[89.7021,26.174],[89.6979,26.1699],[89.6842,26.1696],[89.6813,26.1636],[89.6972,26.1585],[89.7014,26.1518],[89.71,26.1562],[89.7128,26.1681],[89.7193,26.1656],[89.7205,26.1563],[89.7436,26.1593],[89.7477,26.1574],[89.7533,26.1484],[89.754,26.1394],[89.7631,26.137],[89.7666,26.1305],[89.7652,26.1247],[89.7555,26.1138],[89.7579,26.1079],[89.7637,26.1099],[89.77,26.1045],[89.7789,26.1081],[89.7858,26.1013],[89.7818,26.0982],[89.7813,26.0834],[89.7851,26.0833],[89.7887,26.0886],[89.7949,26.0873],[89.7914,26.075],[89.7949,26.073],[89.7988,26.0596],[89.7853,26.0569],[89.7848,26.0514],[89.7885,26.0485],[89.7792,26.0444],[89.7737,26.0376],[89.7766,26.0349],[89.7799,26.0404],[89.7895,26.0395],[89.792,26.0348],[89.7936,26.0423],[89.8018,26.0403],[89.794,26.0227],[89.7876,26.0199],[89.7915,26.0181],[89.7977,26.0245],[89.8056,26.0445],[89.8117,26.0402],[89.8193,26.0258],[89.8154,26.0202],[89.8213,26.012],[89.8193,25.9959],[89.8149,25.9979],[89.8175,25.9914],[89.8242,25.985],[89.8359,25.9824],[89.8309,26.0018],[89.8311,26.0099],[89.8358,26.0126],[89.8443,26.006],[89.8515,25.9893],[89.8692,25.9814],[89.872,25.9742],[89.8548,25.9687],[89.8415,25.9704],[89.8385,25.9659],[89.8431,25.9639],[89.8472,25.9567],[89.8445,25.9548],[89.8493,25.9491],[89.8326,25.9548],[89.8257,25.9515],[89.8254,25.9455],[89.8424,25.9443],[89.8392,25.9411],[89.845,25.94],[89.8486,25.9429],[89.877,25.9469],[89.8871,25.9452],[89.8782,25.9242],[89.8483,25.8921],[89.8488,25.8878],[89.8326,25.8706],[89.8357,25.8597],[89.8353,25.8407],[89.8272,25.833],[89.8166,25.8142],[89.8266,25.81],[89.8414,25.759],[89.827,25.7404],[89.8269,25.7329],[89.8337,25.7172],[89.8493,25.7151],[89.8519,25.7066],[89.8467,25.6958],[89.8584,25.68],[89.8626,25.6671],[89.8711,25.6626],[89.8811,25.6317],[89.8825,25.6172],[89.8733,25.5876],[89.8756,25.5827],[89.8673,25.5622],[89.866,25.5462],[89.8513,25.5386],[89.8602,25.5176],[89.8696,25.5116],[89.8682,25.5085],[89.858,25.5065],[89.8537,25.5018],[89.8552,25.4975],[89.8499,25.4937],[89.8493,25.4739],[89.8523,25.4723],[89.8521,25.4667],[89.8328,25.4389],[89.8254,25.4134],[89.8268,25.4001],[89.8196,25.3793],[89.8233,25.3482],[89.8268,25.3468],[89.8405,25.3189],[89.8416,25.3082],[89.8312,25.296],[89.8593,25.286],[89.8632,25.2879],[89.8766,25.2853],[89.8901,25.292],[89.9,25.3053],[89.9092,25.3081],[89.939,25.299],[89.9439,25.3044],[89.9492,25.2927],[89.9545,25.301],[89.9667,25.3037],[89.9769,25.297],[89.9808,25.2809],[89.996,25.2766],[90.0045,25.2804],[90.0338,25.2623],[90.0545,25.2614],[90.0741,25.244],[90.0993,25.2346],[90.1181,25.2235],[90.1281,25.2256],[90.1715,25.2231],[90.196,25.211],[90.2079,25.2102],[90.2152,25.2054],[90.2194,25.2067],[90.2255,25.2005],[90.234,25.2049],[90.2648,25.1964],[90.2681,25.1984],[90.2866,25.1957],[90.3104,25.1888],[90.3167,25.1929],[90.3302,25.1938],[90.3705,25.1628],[90.4045,25.1599],[90.4206,25.1506],[90.4411,25.1445],[90.4493,25.145],[90.4509,25.1524],[90.4859,25.1611],[90.4993,25.1686],[90.4994,25.1719],[90.5099,25.1694],[90.5086,25.1754],[90.5185,25.1722],[90.5515,25.1752],[90.555,25.1717],[90.5768,25.1718],[90.579,25.1748],[90.605,25.1751],[90.6094,25.1784],[90.6139,25.1737],[90.6157,25.1775],[90.6204,25.1744],[90.6419,25.1748],[90.6388,25.1801],[90.6404,25.1836],[90.649,25.1807],[90.6526,25.1886],[90.6475,25.1938],[90.6524,25.1922],[90.657,25.1848],[90.6626,25.1916],[90.666,25.1658],[90.67,25.1664],[90.6744,25.1764],[90.6754,25.173],[90.6855,25.1722],[90.6805,25.1693],[90.6837,25.1632],[90.6869,25.1648],[90.699,25.1568],[90.7006,25.1648],[90.7066,25.1611],[90.71,25.1681],[90.7257,25.1631],[90.728,25.1573],[90.7369,25.1572],[90.7419,25.1613],[90.7384,25.1642],[90.7332,25.162],[90.7342,25.1669],[90.7476,25.164],[90.7692,25.1826],[90.7755,25.182],[90.7813,25.186],[90.784,25.1793],[90.795,25.1811],[90.7988,25.1743],[90.8045,25.1716],[90.8049,25.1664],[90.8148,25.1638],[90.8179,25.1676],[90.819,25.163],[90.8613,25.1578],[90.8841,25.166],[90.8973,25.1663],[90.9046,25.1619],[90.928,25.1622],[90.9488,25.1708],[90.9651,25.1709],[90.9736,25.175],[91.0054,25.1801],[91.0188,25.1838],[91.0191,25.187],[91.0304,25.1851],[91.0552,25.1924],[91.0719,25.1934],[91.0696,25.1984],[91.1252,25.194],[91.1599,25.1977],[91.164,25.196],[91.1947,25.2018],[91.2245,25.2002],[91.23,25.1969],[91.2598,25.201],[91.2603,25.2051],[91.268,25.2072],[91.2762,25.1991],[91.2922,25.1933],[91.2884,25.1865],[91.2925,25.1838],[91.3178,25.1837],[91.3276,25.1762],[91.3345,25.1767],[91.3372,25.1735],[91.3518,25.1756],[91.3538,25.1713],[91.3645,25.1779],[91.3678,25.1712],[91.3764,25.168],[91.3867,25.1699],[91.3987,25.1645],[91.4068,25.1661],[91.4109,25.1637],[91.4147,25.1711],[91.4253,25.1569],[91.4332,25.1565],[91.44,25.151],[91.4496,25.1492],[91.4531,25.1526],[91.457,25.1482],[91.4686,25.1518],[91.467,25.1438],[91.4701,25.1411],[91.4642,25.1348],[91.5003,25.1358],[91.5009,25.1428],[91.5096,25.1475],[91.5265,25.1445],[91.5572,25.1498],[91.5631,25.1606],[91.5766,25.1598],[91.5719,25.1661],[91.5771,25.172],[91.6062,25.174],[91.6095,25.177],[91.6152,25.1747],[91.6154,25.1697],[91.6041,25.1675],[91.6,25.1592],[91.6036,25.159],[91.5994,25.1511],[91.6038,25.1402],[91.6111,25.1463],[91.6134,25.141],[91.6155,25.1451],[91.6214,25.1435],[91.6232,25.1279],[91.6379,25.1225],[91.6521,25.1278],[91.6528,25.1312],[91.6594,25.131],[91.6598,25.1271],[91.665,25.1284],[91.664,25.1351],[91.6756,25.1381],[91.6807,25.135],[91.6924,25.1375],[91.6943,25.1454],[91.7038,25.1508],[91.7005,25.1559],[91.7036,25.1599],[91.715,25.1568],[91.7166,25.1523],[91.7355,25.1497],[91.7377,25.1424],[91.7476,25.1401],[91.7425,25.1444],[91.7497,25.16],[91.7446,25.1689],[91.7473,25.174],[91.7545,25.1772],[91.7586,25.1684],[91.7758,25.1632],[91.7803,25.1659],[91.8066,25.1683],[91.804,25.1717],[91.8177,25.1712],[91.823,25.1768],[91.8326,25.178],[91.8615,25.1725],[91.876,25.1774],[91.8806,25.1729],[91.8845,25.1771],[91.8947,25.1762],[91.8985,25.1801],[91.921,25.1812],[91.9674,25.1762],[91.9717,25.1676],[91.9802,25.1692],[92.0038,25.1862],[92.0164,25.1872],[92.0185,25.1827],[92.0261,25.1792],[92.0279,25.1834],[92.0374,25.182],[92.0406,25.1864],[92.0494,25.187],[92.0832,25.1823],[92.1329,25.1602],[92.1321,25.1574],[92.1392,25.155],[92.1339,25.1483],[92.1342,25.1436],[92.1416,25.1411],[92.1358,25.1387],[92.1474,25.1353],[92.1508,25.1382],[92.1527,25.1337],[92.1646,25.1306],[92.1596,25.1266],[92.1648,25.1254],[92.1708,25.1286],[92.1782,25.1262],[92.1767,25.1229],[92.1839,25.1179],[92.1893,25.1363],[92.197,25.1263],[92.213,25.121],[92.2197,25.1152],[92.2004,25.12],[92.1962,25.108],[92.2028,25.1064],[92.207,25.1087],[92.2233,25.103],[92.2231,25.0982],[92.2279,25.0936],[92.2333,25.0949],[92.2549,25.0854],[92.3119,25.0693],[92.3136,25.0719],[92.3191,25.0699],[92.3218,25.0782],[92.335,25.0784],[92.3486,25.0735],[92.3491,25.0611],[92.3382,25.0515],[92.3474,25.0477],[92.3609,25.0467],[92.3623,25.0498],[92.3687,25.0455],[92.3678,25.0424],[92.3769,25.0428],[92.3831,25.0385],[92.3845,25.0413],[92.3928,25.0398],[92.3991,25.0328],[92.4129,25.0286],[92.4253,25.0295],[92.4243,25.0098],[92.4165,24.9918],[92.4212,24.9901],[92.4196,24.9688],[92.4237,24.9648],[92.4476,24.965],[92.4576,24.9706],[92.4682,24.963],[92.4662,24.9571],[92.4497,24.95],[92.449,24.9389],[92.4757,24.9418],[92.4836,24.9473],[92.4879,24.9438],[92.4839,24.9321],[92.4876,24.9206],[92.4935,24.9173],[92.4932,24.9047],[92.4968,24.902],[92.4912,24.8915],[92.4923,24.8756],[92.4879,24.8713],[92.4792,24.8724],[92.4761,24.8671],[92.4615,24.873],[92.445,24.872],[92.4411,24.8685],[92.4415,24.8625],[92.4374,24.8556],[92.4269,24.853],[92.4088,24.8591],[92.4029,24.8554],[92.4001,24.8487],[92.3846,24.8526],[92.3837,24.8589],[92.3775,24.8631],[92.3769,24.8708],[92.3709,24.8748],[92.363,24.8722],[92.3613,24.8782],[92.355,24.8789],[92.3494,24.8903],[92.3443,24.8885],[92.3446,24.8814],[92.34,24.8779],[92.3292,24.8881],[92.3253,24.8972],[92.3157,24.8954],[92.3067,24.9023],[92.3037,24.9134],[92.2969,24.916],[92.2843,24.9103],[92.2834,24.9064],[92.2718,24.9049],[92.2461,24.9082],[92.2329,24.9002],[92.2361,24.8991],[92.2367,24.892],[92.2472,24.8875],[92.2458,24.867],[92.238,24.868],[92.2359,24.859],[92.2398,24.8577],[92.2425,24.8405],[92.255,24.8385],[92.2502,24.8359],[92.2491,24.8298],[92.253,24.8322],[92.2731,24.8274],[92.2763,24.8154],[92.2736,24.7992],[92.2789,24.7974],[92.2811,24.7906],[92.2874,24.7874],[92.2879,24.7792],[92.2818,24.7753],[92.2857,24.7629],[92.2901,24.7607],[92.2798,24.7482],[92.2813,24.7422],[92.296,24.7365],[92.2762,24.7107],[92.265,24.6907],[92.2585,24.6853],[92.2599,24.6815],[92.2545,24.6751],[92.2571,24.6732],[92.2471,24.6547],[92.2499,24.6491],[92.2324,24.5709],[92.2312,24.5313],[92.2129,24.504],[92.2018,24.5074],[92.1848,24.5232],[92.1759,24.5236],[92.1692,24.5317],[92.1556,24.5196],[92.1582,24.5152],[92.1535,24.5122],[92.1591,24.5074],[92.1523,24.5021],[92.1527,24.4815],[92.1572,24.4741],[92.1612,24.4587],[92.1596,24.4533],[92.1643,24.4449],[92.1647,24.4362],[92.1675,24.4346],[92.1679,24.4253],[92.164,24.4184],[92.1533,24.4255],[92.147,24.4213],[92.1368,24.425],[92.1282,24.3996],[92.1202,24.3923],[92.1232,24.3845],[92.1186,24.3813],[92.1104,24.3798],[92.1034,24.3828],[92.097,24.3735],[92.0904,24.3719],[92.0854,24.3753],[92.0432,24.3758],[92.0361,24.3797],[92.0277,24.3795],[92.0201,24.3865],[92.01,24.3818],[91.9967,24.3937],[91.9954,24.3883],[91.9919,24.3901],[91.9883,24.3791],[91.9848,24.3766],[91.9827,24.3802],[91.9705,24.3845],[91.9672,24.3789],[91.9723,24.3795],[91.9702,24.3743],[91.9788,24.3701],[91.9783,24.3667],[91.9846,24.3611],[91.9781,24.3575],[91.9957,24.3391],[91.9983,24.3317],[91.995,24.3314],[91.9959,24.3221],[91.9867,24.322],[91.9771,24.3274],[91.9715,24.3422],[91.9658,24.3471],[91.9692,24.3497],[91.9568,24.3567],[91.9349,24.3397],[91.92,24.3375],[91.9408,24.2681],[91.9114,24.1679],[91.9153,24.1666],[91.9141,24.155],[91.9058,24.1444],[91.9058,24.1386],[91.8903,24.1365],[91.8846,24.1386],[91.8845,24.1424],[91.8785,24.1467],[91.8738,24.1634],[91.8756,24.1712],[91.8616,24.1818],[91.8542,24.1835],[91.8551,24.1869],[91.851,24.1908],[91.847,24.1903],[91.8452,24.1974],[91.8498,24.2128],[91.8551,24.2119],[91.8505,24.2169],[91.8458,24.2174],[91.8482,24.2214],[91.8431,24.2202],[91.8442,24.2261],[91.837,24.2256],[91.8379,24.2188],[91.8314,24.2182],[91.8291,24.2131],[91.8208,24.2093],[91.8061,24.2207],[91.7945,24.2195],[91.745,24.247],[91.7593,24.1414],[91.7395,24.1415],[91.7367,24.1459],[91.7313,24.1438],[91.7211,24.1526],[91.708,24.1548],[91.7022,24.1639],[91.695,24.1595],[91.6883,24.1622],[91.6802,24.1756],[91.6766,24.2009],[91.667,24.2105],[91.668,24.2272],[91.6654,24.2335],[91.664,24.2289],[91.6579,24.2278],[91.6472,24.2152],[91.6536,24.2035],[91.6528,24.1957],[91.6589,24.1948],[91.659,24.1831],[91.6551,24.1757],[91.6468,24.1786],[91.6442,24.1706],[91.6466,24.1566],[91.6345,24.1381],[91.6412,24.1131],[91.6368,24.1065],[91.6379,24.1029],[91.6115,24.0923],[91.5959,24.097],[91.5913,24.0926],[91.5985,24.0866],[91.5941,24.0829],[91.5924,24.0756],[91.5823,24.0734],[91.5745,24.08],[91.5729,24.0747],[91.5573,24.0768],[91.5453,24.0742],[91.5087,24.0864],[91.4977,24.0873],[91.4925,24.0909],[91.495,24.0955],[91.4761,24.1003],[91.4625,24.0961],[91.4548,24.0966],[91.4509,24.1011],[91.4423,24.0973],[91.4406,24.1025],[91.4308,24.0999],[91.4279,24.1063],[91.4145,24.1095],[91.3746,24.1078],[91.3771,24.0798],[91.3966,24.0496],[91.3909,24.0258],[91.3742,24.0043],[91.3795,23.9753],[91.3736,23.9752],[91.3617,23.9863],[91.3527,23.9821],[91.3473,23.9842],[91.3412,23.982],[91.3339,23.9902],[91.3235,23.9945],[91.3168,23.9905],[91.3036,23.9966],[91.3015,23.9937],[91.3036,23.9878],[91.2973,23.9763],[91.2998,23.9721],[91.29,23.9677],[91.2871,23.969],[91.2847,23.9821],[91.2715,23.9629],[91.2642,23.9442],[91.2729,23.9376],[91.2762,23.9225],[91.2339,23.9279],[91.2414,23.9227],[91.2462,23.9137],[91.2449,23.907],[91.2285,23.8986],[91.2296,23.8806],[91.2358,23.8775],[91.2409,23.8617],[91.2541,23.838],[91.2338,23.8108],[91.2312,23.7975],[91.2264,23.7909],[91.2305,23.7844],[91.2307,23.7649],[91.2252,23.7565],[91.2264,23.7511],[91.219,23.7364],[91.2104,23.7491],[91.1687,23.7497],[91.1588,23.7417],[91.1492,23.7115],[91.1542,23.6884],[91.1938,23.6899],[91.1955,23.6922],[91.2037,23.6854],[91.2085,23.6864],[91.205,23.6797],[91.2015,23.6559],[91.2046,23.6504],[91.1994,23.6466],[91.1907,23.647],[91.1929,23.6544],[91.1778,23.6585],[91.1704,23.6575],[91.1563,23.6707],[91.1614,23.6543],[91.1581,23.6218],[91.1637,23.601],[91.1628,23.5951],[91.1771,23.5932],[91.1753,23.5855],[91.186,23.5776],[91.1953,23.562],[91.1945,23.5472],[91.202,23.5501],[91.2082,23.543],[91.2008,23.52],[91.2078,23.5121],[91.2236,23.514],[91.218,23.4995],[91.2227,23.4973],[91.2356,23.5018],[91.2364,23.489],[91.2493,23.4902],[91.2522,23.481],[91.2516,23.4536],[91.2565,23.4416],[91.2707,23.4298],[91.2635,23.4237],[91.2764,23.4147],[91.2798,23.3766],[91.2933,23.3776],[91.2938,23.3713],[91.2842,23.3711],[91.2862,23.363],[91.2949,23.3612],[91.2911,23.3507],[91.3011,23.3516],[91.3149,23.3609],[91.3201,23.3601],[91.3182,23.3532],[91.3111,23.3527],[91.3108,23.3424],[91.2962,23.3409],[91.2899,23.3185],[91.2963,23.3134],[91.3095,23.3139],[91.3131,23.3064],[91.315,23.2966],[91.3072,23.2998],[91.3002,23.2925],[91.3023,23.2863],[91.3167,23.2819],[91.3098,23.2764],[91.318,23.2529],[91.3266,23.2523],[91.3255,23.2471],[91.3187,23.2455],[91.3189,23.2399],[91.3236,23.2375],[91.3233,23.158],[91.3331,23.1529],[91.3371,23.131],[91.3417,23.1287],[91.3419,23.1178],[91.3476,23.1188],[91.347,23.1023],[91.3698,23.0704],[91.3958,23.0561],[91.4174,23.0648],[91.411,23.0658],[91.4175,23.0829],[91.4081,23.0835],[91.4052,23.087],[91.4061,23.0969],[91.4003,23.0964],[91.4034,23.1137],[91.397,23.1177],[91.3973,23.1301],[91.3893,23.1527],[91.3848,23.1562],[91.3852,23.1752],[91.3819,23.175],[91.383,23.1845],[91.3799,23.1844],[91.381,23.1916],[91.3855,23.1918],[91.3878,23.2079],[91.3808,23.2084],[91.3922,23.22],[91.3865,23.2276],[91.4009,23.2291],[91.3932,23.2466],[91.4088,23.2476],[91.3973,23.2563],[91.3976,23.2651],[91.4004,23.2657],[91.4056,23.2566],[91.4113,23.2557],[91.4089,23.2851],[91.4156,23.2828],[91.4196,23.2733],[91.4155,23.2634],[91.4187,23.2581],[91.4212,23.2618],[91.4249,23.258],[91.4314,23.2625],[91.4542,23.2604],[91.4554,23.2565],[91.4459,23.25],[91.447,23.2437],[91.4579,23.246],[91.4703,23.2276],[91.4533,23.2232],[91.4506,23.2194],[91.4586,23.2133],[91.4754,23.2204],[91.4844,23.2092],[91.4824,23.1984],[91.4708,23.1964],[91.4849,23.1882],[91.4885,23.1921],[91.4922,23.1888],[91.5032,23.1921],[91.5011,23.1853],[91.5075,23.1837],[91.5067,23.1799],[91.4917,23.1776],[91.4924,23.1719],[91.4983,23.1717],[91.4909,23.1576],[91.4943,23.1522],[91.5072,23.1542],[91.4947,23.1471],[91.5,23.1419],[91.5098,23.1403],[91.5153,23.145],[91.5149,23.1386],[91.5032,23.1305],[91.5038,23.1272],[91.5176,23.1254],[91.5143,23.1225],[91.5154,23.1176],[91.5204,23.1144],[91.5123,23.1132],[91.5113,23.1042],[91.5224,23.104],[91.519,23.0942],[91.5298,23.0917],[91.53,23.0857],[91.5251,23.0828],[91.5353,23.0633],[91.5258,23.06],[91.525,23.0554],[91.5363,23.0545],[91.5305,23.0383],[91.5504,23.0384],[91.5384,23.0192],[91.5482,23.0192],[91.5425,22.9995],[91.5475,22.9942],[91.557,22.9966],[91.5572,22.9785],[91.5768,22.9652],[91.5917,22.9765],[91.5936,22.9726],[91.5997,22.9756],[91.6014,22.9713],[91.6057,22.972],[91.6053,22.966],[91.6133,22.9604],[91.6122,22.9578],[91.6049,22.9622],[91.6001,22.9559],[91.6028,22.9534],[91.6082,22.9572],[91.6067,22.9508],[91.6144,22.9524],[91.613,22.9461],[91.6201,22.9384],[91.6255,22.944],[91.6237,22.9499],[91.6268,22.9546],[91.6244,22.9613],[91.6315,22.9591],[91.6356,22.9611],[91.6408,22.9749],[91.6458,22.9768],[91.6459,22.9852],[91.6513,22.9768],[91.6644,22.9817],[91.6704,22.9771],[91.6747,22.9801],[91.6825,22.9774],[91.6937,22.9883],[91.7035,22.9881],[91.7072,22.9827],[91.711,22.9825],[91.7117,22.9887],[91.7213,22.988],[91.7261,22.9989],[91.7443,23.007],[91.7534,23.0221],[91.7616,23.0264],[91.761,23.0294],[91.7682,23.0342],[91.7721,23.0333],[91.7676,23.0396],[91.7744,23.0385],[91.7739,23.0275],[91.7801,23.0285],[91.779,23.0362],[91.7841,23.0379],[91.7745,23.0696],[91.7856,23.0712],[91.789,23.0672],[91.7936,23.069],[91.7952,23.0621],[91.7983,23.0648],[91.806,23.063],[91.8057,23.0665],[91.8119,23.066],[91.8137,23.0737],[91.8176,23.072],[91.8149,23.0801],[91.8196,23.0797],[91.8245,23.0837],[91.8228,23.0866],[91.8356,23.0936],[91.8251,23.0989],[91.8134,23.0993],[91.8172,23.101],[91.8181,23.1122],[91.8156,23.1189],[91.8111,23.1213],[91.8148,23.1333],[91.8091,23.1339],[91.8082,23.139],[91.8137,23.1467],[91.8061,23.1573],[91.8099,23.1654],[91.8048,23.1685],[91.8051,23.1806],[91.7947,23.1865],[91.7989,23.1936],[91.7886,23.2078],[91.7926,23.2093],[91.7882,23.2165],[91.7914,23.2229],[91.7842,23.2326],[91.7825,23.2431],[91.7799,23.2394],[91.7768,23.2422],[91.7795,23.2478],[91.7771,23.2693],[91.7667,23.2715],[91.76,23.2839],[91.7637,23.2962],[91.7627,23.3028],[91.7716,23.3142],[91.7798,23.3179],[91.7833,23.3244],[91.7918,23.3265],[91.7997,23.3329],[91.8046,23.3323],[91.8122,23.3456],[91.815,23.3438],[91.8186,23.3503],[91.8251,23.3523],[91.8259,23.3627],[91.8376,23.3706],[91.8362,23.3864],[91.8421,23.3893],[91.8407,23.3989],[91.8454,23.4006],[91.845,23.4047],[91.8572,23.4052],[91.8732,23.415],[91.8765,23.4223],[91.8866,23.4265],[91.8907,23.4336],[91.8952,23.4313],[91.8997,23.4406],[91.9135,23.4367],[91.9185,23.4396],[91.9239,23.4337],[91.9349,23.4352],[91.9377,23.4324],[91.9431,23.4353],[91.9367,23.4666],[91.9478,23.4667],[91.9548,23.4754],[91.9587,23.4729],[91.9583,23.4794],[91.9691,23.4764],[91.9686,23.4874],[91.9728,23.4924],[91.9686,23.4992],[91.971,23.5025],[91.9635,23.5195],[91.9602,23.5184],[91.9563,23.5257],[91.96,23.533],[91.9646,23.5353],[91.957,23.5519],[91.9595,23.5641],[91.952,23.6006],[91.9542,23.6098],[91.9423,23.6347],[91.9467,23.6377],[91.9467,23.646],[91.9393,23.6591],[91.9421,23.6694],[91.934,23.6846],[91.9407,23.6885],[91.9407,23.693],[91.9572,23.6937],[91.9572,23.6976],[91.9507,23.6996],[91.9523,23.7048],[91.9483,23.714],[91.9547,23.721],[91.9506,23.7259],[91.9542,23.7262],[91.957,23.734],[91.9669,23.7331],[91.9688,23.7294],[91.9783,23.7331],[91.9811,23.723],[91.9842,23.724],[91.9887,23.701],[92.0006,23.6706],[92.0062,23.6711],[92.0085,23.6637],[92.0148,23.6601],[92.0201,23.6628],[92.0222,23.6582],[92.0306,23.6579],[92.0403,23.6487],[92.0577,23.6485],[92.0617,23.6455],[92.0792,23.6485],[92.0795,23.6647],[92.0763,23.668],[92.0852,23.6808],[92.0918,23.6769],[92.0997,23.6767],[92.1041,23.6808],[92.104,23.686],[92.1154,23.6938],[92.1162,23.6912],[92.1239,23.6956],[92.1253,23.7065],[92.1425,23.7261],[92.1443,23.7331],[92.1624,23.7396],[92.1719,23.7386],[92.1695,23.7247],[92.1767,23.7162],[92.1777,23.7076],[92.1847,23.7081],[92.1861,23.711],[92.1984,23.7072],[92.207,23.7006],[92.2137,23.685],[92.2073,23.6776],[92.2066,23.661],[92.2109,23.6588],[92.2103,23.6537],[92.2197,23.652],[92.2256,23.6551],[92.2295,23.6661],[92.2331,23.6674],[92.2307,23.6753],[92.2365,23.6929],[92.2404,23.6929],[92.2424,23.6993],[92.2364,23.7117],[92.2392,23.7184],[92.2439,23.7223],[92.2655,23.7248],[92.2791,23.7164],[92.2787,23.7098],[92.2894,23.7016],[92.2915,23.6812],[92.273,23.6417],[92.2818,23.6386],[92.2766,23.6318],[92.2789,23.6248],[92.2808,23.6305],[92.2903,23.6279],[92.2961,23.6208],[92.2873,23.6167],[92.2874,23.5957],[92.2892,23.598],[92.2968,23.588],[92.298,23.5922],[92.3082,23.5776],[92.3051,23.5734],[92.3089,23.5716],[92.3075,23.563],[92.3118,23.5597],[92.3063,23.535],[92.3141,23.5331],[92.3175,23.5244],[92.3131,23.5201],[92.3138,23.5152],[92.3174,23.5175],[92.3161,23.5118],[92.3198,23.5124],[92.322,23.4918],[92.3161,23.4867],[92.3218,23.4829],[92.3233,23.4749],[92.3171,23.4718],[92.3317,23.4663],[92.3307,23.4594],[92.3257,23.4588],[92.3296,23.4542],[92.3333,23.4552],[92.3272,23.4483],[92.3298,23.4476],[92.3331,23.4306],[92.3424,23.4356],[92.3467,23.433],[92.3477,23.4131],[92.3574,23.4107],[92.3558,23.401],[92.353,23.4054],[92.3545,23.3891],[92.3576,23.3917],[92.3568,23.3852],[92.3531,23.3829],[92.3562,23.3796],[92.3649,23.3794],[92.3563,23.3726],[92.3639,23.3662],[92.3698,23.3734],[92.3693,23.367],[92.3791,23.3618],[92.3765,23.3572],[92.3808,23.3516],[92.3762,23.347],[92.3749,23.3374],[92.3672,23.3223],[92.3714,23.318],[92.3771,23.3189],[92.3763,23.313],[92.3852,23.307],[92.3827,23.2961],[92.3845,23.2922],[92.3812,23.2851],[92.3881,23.2813],[92.3947,23.2643],[92.3886,23.2654],[92.3896,23.2594],[92.3986,23.2554],[92.3955,23.2487],[92.3995,23.2419],[92.4042,23.2404],[92.4014,23.2366],[92.3468,23.2357],[92.351,23.2338],[92.3533,23.2244],[92.3534,23.1859],[92.3602,23.1839],[92.361,23.1802],[92.3559,23.1802],[92.3587,23.169],[92.3616,23.1677],[92.3621,23.1563],[92.357,23.1343],[92.3661,23.1269],[92.3666,23.1225],[92.3581,23.1035],[92.3692,23.0952],[92.3725,23.0867],[92.3805,23.0854],[92.3813,23.0801],[92.3855,23.077],[92.3831,23.0719],[92.3924,23.0565],[92.3882,23.0399],[92.3839,23.0379],[92.3849,23.0272],[92.3806,23.017],[92.3853,22.9922],[92.3743,22.9707],[92.3765,22.9593],[92.3729,22.9585],[92.3779,22.9514],[92.3727,22.9396],[92.3758,22.9371],[92.3763,22.9287],[92.3948,22.9306],[92.4013,22.9237],[92.3973,22.9182],[92.4002,22.9124],[92.4068,22.9178],[92.4116,22.9138],[92.4193,22.9189],[92.4197,22.9113],[92.4265,22.8972],[92.4327,22.8924],[92.4337,22.8858],[92.4365,22.8854],[92.446,22.8971],[92.4502,22.8932],[92.4486,22.8764],[92.4605,22.8709],[92.4559,22.8702],[92.4521,22.8649],[92.4534,22.8612],[92.4616,22.8615],[92.4601,22.8577],[92.4643,22.8551],[92.4585,22.8446],[92.4629,22.8433],[92.4577,22.8407],[92.4533,22.8433],[92.4618,22.831],[92.4553,22.8259],[92.458,22.8235],[92.4547,22.8184],[92.4661,22.8091],[92.466,22.8014],[92.4723,22.7956],[92.4691,22.7828],[92.4728,22.7833],[92.4755,22.7724],[92.4729,22.7664],[92.4762,22.7646],[92.4737,22.7604],[92.4794,22.7528],[92.4738,22.7462],[92.4887,22.7463],[92.4909,22.7414],[92.5021,22.7373],[92.5056,22.7392],[92.5168,22.7217],[92.5174,22.715],[92.5139,22.7103],[92.5226,22.6739],[92.5261,22.6729],[92.5261,22.6652],[92.5286,22.6655],[92.5236,22.6551],[92.5262,22.6338],[92.5323,22.6332],[92.5325,22.6273],[92.5274,22.6208],[92.5286,22.6155],[92.5354,22.6114],[92.5338,22.6075],[92.5299,22.6089],[92.5304,22.6035],[92.5354,22.6001],[92.5392,22.5889],[92.5383,22.5754],[92.5327,22.5715],[92.5272,22.5728],[92.528,22.5656],[92.5218,22.5595],[92.5322,22.5517],[92.5316,22.5451],[92.5368,22.5453],[92.54,22.5402],[92.5408,22.5256],[92.5513,22.5133],[92.5429,22.4984],[92.5494,22.4984],[92.5443,22.4948],[92.5462,22.4884],[92.5443,22.4828],[92.5475,22.4759],[92.5464,22.4627],[92.551,22.4541],[92.5543,22.4362],[92.5551,22.4226],[92.5509,22.4214],[92.5546,22.4169],[92.5531,22.411],[92.5577,22.4075],[92.5548,22.4057],[92.5595,22.3998],[92.5583,22.3911],[92.5611,22.3893],[92.5597,22.3815],[92.5633,22.3802],[92.5626,22.3714],[92.5673,22.3708],[92.5767,22.325],[92.5812,22.3217],[92.5781,22.3101],[92.5817,22.3075],[92.5828,22.2999],[92.5819,22.2818],[92.5865,22.2801],[92.5807,22.2761],[92.5811,22.2694],[92.5909,22.2546],[92.5918,22.2392],[92.5882,22.2297],[92.5903,22.2231],[92.5881,22.216],[92.5908,22.2151],[92.5948,22.204],[92.5964,22.1754],[92.6075,22.1719],[92.6109,22.1384],[92.6058,22.1234],[92.5992,22.1231],[92.5894,22.1305],[92.592,22.1394],[92.5785,22.1434],[92.5765,22.1359],[92.5641,22.1337],[92.5627,22.1278],[92.5751,22.1162],[92.5766,22.105],[92.5826,22.0976],[92.5849,22.0825],[92.5907,22.081],[92.5899,22.0706],[92.5956,22.0617],[92.6018,22.0618],[92.598,22.0494],[92.5991,22.0423],[92.5937,22.041],[92.5936,22.0315],[92.6,22.0286],[92.5981,22.009],[92.61,21.9977],[92.6128,21.9901],[92.6106,21.9838],[92.6044,21.9829],[92.6042,21.9764],[92.6075,21.9747],[92.6219,21.9806],[92.6235,21.9838],[92.6347,21.9832],[92.6368,21.99],[92.642,21.9927],[92.6438,22.0024],[92.6514,22.0097],[92.6517,22.0156],[92.6669,22.0133],[92.6698,22.0097],[92.68,22.0116],[92.6853,22.0413],[92.6817,22.1038],[92.6881,22.1035],[92.6904,22.0721],[92.6922,22.1395],[92.6958,22.1377],[92.6949,22.1532],[92.6998,22.1551],[92.7008,22.1513],[92.7104,22.1511],[92.7124,22.1474],[92.7268,22.1491],[92.7389,22.1321],[92.7466,22.131],[92.7544,22.1244],[92.7605,22.1259],[92.7753,22.1069],[92.7902,22.1052],[92.7967,22.095],[92.8012,22.0946],[92.8039,22.0983],[92.8096,22.0964],[92.8178,22.0871],[92.8189,22.0749],[92.8367,22.072],[92.8398,22.0613],[92.8472,22.0606],[92.8522,22.0662],[92.8593,22.0669],[92.8635,22.0628],[92.865,22.0238],[92.8799,22.0222],[92.8786,22.0149],[92.8908,22.0118],[92.8943,22.0037],[92.9032,21.9417],[92.9118,21.9516],[92.9117,21.9646],[92.9208,21.992],[92.9301,21.9961],[92.9355,22.0064],[92.9354,22.0097],[92.929,22.0086],[92.9273,22.0159],[92.9303,22.0174],[92.9394,22.0135],[92.9418,22.0203],[92.9519,22.0298],[92.9607,22.0255],[92.9644,22.0111],[92.9779,21.9976],[92.9809,21.9801],[92.9936,21.9782],[93.0075,21.9824],[93.0016,22.0068],[93.0043,22.0171],[92.9953,22.0301],[92.9977,22.0357],[92.9946,22.0405],[92.9976,22.0542],[93.0016,22.0581],[93.0015,22.0657],[93.0067,22.0711],[93.0037,22.0746],[93.0053,22.0802],[93.0087,22.081],[93.0118,22.0884],[93.0044,22.1035],[93.0472,22.0983],[93.0595,22.1011],[93.0571,22.1213],[93.0448,22.1342],[93.045,22.1374],[93.0395,22.1389],[93.0442,22.1435],[93.0371,22.1444],[93.0441,22.1569],[93.0419,22.1598],[93.0479,22.163],[93.0488,22.1736],[93.0419,22.1907],[93.038,22.1937],[93.0428,22.1954],[93.0473,22.2026],[93.0578,22.2015],[93.064,22.2072],[93.0885,22.1967],[93.1111,22.2042],[93.1144,22.191],[93.1234,22.1796],[93.1249,22.1732],[93.1509,22.1763],[93.1615,22.1955],[93.1486,22.2126],[93.152,22.2173],[93.1473,22.2294],[93.1399,22.236],[93.1433,22.2374],[93.1421,22.2455],[93.1484,22.2496],[93.1547,22.2473],[93.1642,22.2499],[93.1675,22.2461],[93.1777,22.2459],[93.1986,22.2551],[93.1981,22.2602],[93.202,22.264],[93.1981,22.2697],[93.1936,22.2899],[93.1985,22.2915],[93.1972,22.296],[93.1896,22.3008],[93.1956,22.3031],[93.1906,22.3087],[93.1948,22.3125],[93.1948,22.3166],[93.1894,22.3206],[93.1902,22.3244],[93.1967,22.3288],[93.1865,22.3387],[93.1879,22.3631],[93.1835,22.372],[93.1862,22.3808],[93.1895,22.3817],[93.182,22.3944],[93.1875,22.4032],[93.1817,22.4187],[93.1858,22.4247],[93.1847,22.4287],[93.1781,22.4328],[93.1759,22.4408],[93.1683,22.4432],[93.165,22.4498],[93.1586,22.4532],[93.1387,22.4545],[93.1312,22.4676],[93.1343,22.4929],[93.1257,22.5021],[93.124,22.5101],[93.1286,22.5234],[93.109,22.5246],[93.1066,22.5274],[93.1119,22.5319],[93.1092,22.5366],[93.1094,22.5477],[93.1154,22.5632],[93.1248,22.5696],[93.1288,22.5781],[93.1381,22.5826],[93.1408,22.5923],[93.1342,22.6141],[93.1282,22.6164],[93.1288,22.6232],[93.1092,22.6351],[93.1071,22.64],[93.1104,22.6449],[93.1092,22.6566],[93.1016,22.6607],[93.1016,22.6652],[93.0959,22.6713],[93.0945,22.6802],[93.1017,22.6811],[93.1016,22.6849],[93.0967,22.6885],[93.0974,22.6984],[93.091,22.704],[93.0929,22.713],[93.0984,22.7199],[93.1069,22.7539],[93.1005,22.7628],[93.102,22.7669],[93.0954,22.7862],[93.0976,22.7898],[93.0943,22.8061],[93.1105,22.8182],[93.1037,22.8219],[93.1049,22.8259],[93.1129,22.8295],[93.11,22.8327],[93.1179,22.8428],[93.1182,22.8644],[93.124,22.867],[93.1342,22.8913],[93.1297,22.8999],[93.131,22.9059],[93.1381,22.9135],[93.1508,22.908],[93.1644,22.9107],[93.1631,22.9151],[93.1538,22.918],[93.1454,22.931],[93.1452,22.9456],[93.138,22.9505],[93.1406,22.9595],[93.1354,22.9672],[93.1434,22.9765],[93.1389,22.9811],[93.1404,22.9904],[93.1334,22.9904],[93.1267,22.9968],[93.1255,23.0028],[93.1202,23.003],[93.128,23.0298],[93.1267,23.0439],[93.1349,23.0477],[93.1337,23.0583],[93.1374,23.0607],[93.1402,23.0533],[93.1496,23.0542],[93.1523,23.0519],[93.1536,23.0434],[93.1586,23.0436],[93.1604,23.048],[93.1685,23.0463],[93.1836,23.0596],[93.1872,23.0527],[93.2014,23.0547],[93.2016,23.0507],[93.2101,23.0476],[93.211,23.039],[93.2169,23.0349],[93.2148,23.0278],[93.2174,23.0242],[93.2286,23.0204],[93.2303,23.0111],[93.2415,23.0067],[93.2721,23.0104],[93.2745,23.0045],[93.2831,23.0084],[93.294,23.007],[93.3077,23.0217],[93.3141,23.0205],[93.3134,23.0268],[93.3203,23.0291],[93.3207,23.0371],[93.3234,23.0361],[93.3279,23.0407],[93.3269,23.0471],[93.3326,23.0484],[93.3338,23.0586],[93.3433,23.059],[93.3401,23.0669],[93.3516,23.0729],[93.339,23.0744],[93.3432,23.0802],[93.3443,23.0918],[93.3505,23.0917],[93.3579,23.1107],[93.3563,23.1168],[93.3623,23.1149],[93.3722,23.1262],[93.3761,23.1262],[93.3769,23.1319],[93.3844,23.1328],[93.3872,23.1437],[93.3703,23.1416],[93.3683,23.1458],[93.3723,23.1605],[93.3722,23.1722],[93.3686,23.175],[93.3743,23.1772],[93.3806,23.1866],[93.377,23.1903],[93.3804,23.1994],[93.3755,23.2042],[93.3824,23.2159],[93.388,23.2152],[93.3766,23.2479],[93.3695,23.2504],[93.3733,23.26],[93.3658,23.2698],[93.3692,23.2761],[93.3631,23.2785],[93.3699,23.2872],[93.366,23.294],[93.3685,23.3018],[93.3661,23.3073],[93.3709,23.3085],[93.3638,23.3126],[93.3716,23.3136],[93.367,23.3204],[93.3729,23.3296],[93.3583,23.3425],[93.3562,23.3534],[93.3833,23.3619],[93.3876,23.3594],[93.3908,23.3707],[93.3875,23.3747],[93.395,23.3768],[93.397,23.3835],[93.4017,23.3838],[93.4025,23.3888],[93.3942,23.3977],[93.3886,23.4202],[93.3911,23.442],[93.388,23.4464],[93.396,23.4537],[93.3924,23.4579],[93.3993,23.4719],[93.3927,23.4798],[93.3955,23.4813],[93.3948,23.5041],[93.3972,23.5096],[93.4049,23.5131],[93.4038,23.5167],[93.4088,23.5173],[93.409,23.5227],[93.4147,23.531],[93.4183,23.5418],[93.4123,23.5563],[93.415,23.5712],[93.4214,23.5705],[93.4238,23.5854],[93.4286,23.5883],[93.4205,23.6125],[93.4224,23.6155],[93.42,23.6237],[93.4245,23.6287],[93.4236,23.6335],[93.4183,23.6359],[93.4172,23.6418],[93.4203,23.653],[93.4241,23.6561],[93.4224,23.66],[93.436,23.6776],[93.4367,23.6869],[93.4287,23.6873],[93.42,23.7008],[93.4108,23.7036],[93.4059,23.714],[93.4099,23.7177],[93.4101,23.7309],[93.4066,23.7326],[93.4039,23.7453],[93.3954,23.7491],[93.3918,23.7608],[93.3958,23.7685],[93.3941,23.7748],[93.3981,23.793],[93.4032,23.7974],[93.4019,23.8126],[93.3901,23.8185],[93.3924,23.8238],[93.3892,23.8251],[93.3887,23.8408],[93.3853,23.8477],[93.3889,23.8654],[93.3848,23.8731],[93.3915,23.9141],[93.3954,23.9156],[93.391,23.9236],[93.3931,23.9283],[93.3851,23.93],[93.3811,23.9343],[93.3752,23.932],[93.3654,23.9336],[93.3575,23.9455],[93.3533,23.941],[93.3501,23.9626],[93.341,23.9698],[93.3433,23.9751],[93.3369,23.9756],[93.3394,23.9807],[93.3328,23.9793],[93.3339,23.9854],[93.3284,23.9854],[93.3374,23.9893],[93.3318,24.0001],[93.3345,24.0047],[93.33,24.0211],[93.3358,24.0192],[93.3378,24.0256],[93.3259,24.0293],[93.3287,24.0338],[93.3349,24.0352],[93.3324,24.038],[93.3374,24.0391],[93.3281,24.0421],[93.3258,24.0503],[93.3385,24.0611],[93.3372,24.0675],[93.3283,24.0774],[93.3309,24.0854],[93.335,24.0901],[93.3452,24.0915],[93.3472,24.0876],[93.3519,24.0924],[93.3429,24.0972],[93.3419,24.102],[93.3476,24.1044],[93.3513,24.0979],[93.3592,24.0941],[93.3578,24.0917],[93.3725,24.0908],[93.3901,24.0827],[93.399,24.0852],[93.42,24.0663],[93.429,24.033],[93.4379,24.0167],[93.4432,24.0137],[93.4497,24.0153],[93.4541,24.0115],[93.4539,23.9989],[93.4614,23.9988],[93.4639,23.9914],[93.4607,23.9811],[93.4635,23.9736],[93.4817,23.9571],[93.4861,23.9574],[93.5051,23.9422],[93.515,23.9427],[93.5254,23.9563],[93.53,23.9546],[93.5345,23.9594],[93.5438,23.9609],[93.5502,23.9593],[93.557,23.9811],[93.56,23.9822],[93.571,23.9772],[93.5704,23.9705],[93.5878,23.9597],[93.5964,23.9657],[93.5989,23.9725],[93.608,23.9716],[93.6078,23.9802],[93.6138,23.9922],[93.6118,23.9973],[93.6173,24.0072],[93.6232,24.0108],[93.6519,24.0092],[93.6547,24.0024],[93.6718,24.0025],[93.6746,24.0055],[93.6896,24.0087],[93.724,23.9973],[93.7548,24.0051],[93.7614,24.0003],[93.7656,23.9847],[93.7736,23.9708],[93.7719,23.9692],[93.7856,23.9613],[93.7979,23.9473],[93.8011,23.9383],[93.7998,23.9327],[93.8052,23.9282],[93.819,23.9236],[93.8314,23.9264],[93.8401,23.9319],[93.8591,23.9321],[93.8717,23.9407],[93.8838,23.9424],[93.8952,23.9522],[93.9309,23.95],[93.9501,23.9418],[93.9545,23.9325],[93.9606,23.9283],[93.9643,23.9296],[93.9759,23.9248],[93.9808,23.9289],[93.9912,23.9276],[93.9967,23.9222],[94.0176,23.9239],[94.0207,23.9171],[94.039,23.9055],[94.0422,23.8938],[94.0509,23.8869],[94.068,23.8874],[94.0818,23.8794],[94.0862,23.8847],[94.0951,23.8874],[94.1031,23.8809],[94.1055,23.8678],[94.1124,23.8613],[94.1111,23.8517],[94.1195,23.8363],[94.1274,23.8342],[94.1441,23.8371],[94.1409,23.8439],[94.1469,23.8494],[94.1558,23.8476],[94.1713,23.9308],[94.1887,23.9328],[94.1926,23.9363],[94.1959,23.9575],[94.2031,23.9758],[94.2399,24.0391],[94.2275,24.0596],[94.2309,24.0637],[94.2343,24.0588],[94.2418,24.0574],[94.256,24.0865],[94.2507,24.1282],[94.2618,24.164],[94.2767,24.1694],[94.2886,24.2344],[94.3021,24.2379],[94.3226,24.2795],[94.3176,24.3302],[94.3495,24.3364],[94.3798,24.3774],[94.3584,24.3934],[94.397,24.4086],[94.4025,24.4299],[94.4027,24.444],[94.3947,24.4551],[94.4024,24.4615],[94.396,24.4829],[94.4236,24.4834],[94.4536,24.5654],[94.4765,24.5747],[94.4779,24.5784],[94.5066,24.594],[94.5391,24.6431],[94.545,24.6821],[94.5402,24.7069],[94.5595,24.712],[94.5655,24.7055],[94.57,24.7089],[94.5705,24.7179],[94.5778,24.7242],[94.5776,24.7118],[94.5853,24.7054],[94.5915,24.7094],[94.6023,24.7095],[94.6076,24.7182],[94.6059,24.7205],[94.6114,24.7295],[94.6131,24.7407],[94.6297,24.7579],[94.6184,24.78],[94.6302,24.805],[94.6329,24.8398],[94.6454,24.8496],[94.6505,24.8562],[94.6486,24.861],[94.658,24.8719],[94.6739,24.8748],[94.6755,24.8805],[94.6875,24.8887],[94.6936,24.9118],[94.7007,24.9216],[94.7022,24.9296],[94.7108,24.929],[94.7136,24.9342],[94.7057,24.945],[94.7069,24.9485],[94.6971,24.9589],[94.6968,24.9682],[94.703,24.9823],[94.7095,24.9892],[94.7271,24.9997],[94.7279,25.0099],[94.7387,25.0232],[94.7379,25.0277],[94.7442,25.0369],[94.742,25.0428],[94.7449,25.06],[94.7384,25.0649],[94.7452,25.0827],[94.7413,25.0876],[94.741,25.1037],[94.7364,25.1099],[94.7408,25.1269],[94.7365,25.1349],[94.7155,25.1378],[94.7034,25.1453],[94.6971,25.1547],[94.6896,25.1578],[94.6802,25.1492],[94.6772,25.1545],[94.6641,25.1628],[94.6497,25.1672],[94.6393,25.1665],[94.6192,25.1866],[94.607,25.1811],[94.6036,25.1865],[94.592,25.1929],[94.5889,25.2034],[94.5755,25.2139],[94.5852,25.2289],[94.5861,25.2488],[94.5895,25.2569],[94.5849,25.2648],[94.5934,25.2856],[94.6062,25.3063],[94.6061,25.3141],[94.6183,25.3302],[94.6233,25.346],[94.6299,25.3495],[94.6346,25.3574],[94.6324,25.3885],[94.6349,25.3956],[94.6494,25.4066],[94.6597,25.406],[94.6699,25.4182],[94.673,25.4247],[94.6714,25.443],[94.6809,25.4548],[94.6834,25.4662],[94.6933,25.4654],[94.7102,25.4715],[94.7192,25.4696],[94.728,25.4762],[94.7449,25.4822],[94.7516,25.494],[94.7578,25.491],[94.7617,25.4819],[94.7839,25.4805],[94.7884,25.4894],[94.8062,25.4918],[94.8163,25.517],[94.8253,25.5241],[94.8232,25.5334],[94.8255,25.5424],[94.8459,25.562],[94.8986,25.5651],[94.8911,25.5786],[94.8813,25.5852],[94.8816,25.591],[94.8938,25.5976],[94.8985,25.5964],[94.9151,25.6076],[94.9212,25.6402],[94.9361,25.6679],[94.9502,25.6738],[94.9521,25.6784],[94.9698,25.6884],[94.9889,25.7067],[94.9922,25.7202],[95.0027,25.7288],[95.023,25.7316],[95.0282,25.738],[95.0373,25.7396],[95.049,25.7595],[95.0441,25.7739],[95.0499,25.8003],[95.0335,25.8139],[95.0296,25.84],[95.0231,25.8445],[95.0178,25.8608],[95.0096,25.8656],[95.0103,25.8742],[95.0194,25.8807],[95.0116,25.8979],[95.0306,25.9178],[95.0312,25.9308],[95.0357,25.9267],[95.0465,25.928],[95.0479,25.9343],[95.0641,25.9425],[95.0729,25.9415],[95.0837,25.9499],[95.0894,25.9503],[95.1061,25.9711],[95.1096,25.9704],[95.1143,25.9749],[95.1164,25.9844],[95.126,25.9857],[95.1418,26.0092],[95.1577,26.0233],[95.1637,26.0481],[95.1857,26.0734],[95.1649,26.0923],[95.1507,26.0865],[95.1416,26.0946],[95.1295,26.0949],[95.1181,26.1008],[95.1156,26.1127],[95.1265,26.1289],[95.1189,26.1406],[95.1234,26.1452],[95.1189,26.1488],[95.1171,26.159],[95.1267,26.1775],[95.1228,26.1812],[95.1228,26.1872],[95.1423,26.2121],[95.1328,26.2156],[95.1147,26.2328],[95.1256,26.2468],[95.1274,26.2537],[95.1204,26.2608],[95.1208,26.2711],[95.1248,26.276],[95.1244,26.2855],[95.1285,26.2941],[95.1277,26.3028],[95.1225,26.3072],[95.1257,26.3239],[95.1231,26.3306],[95.1285,26.3393],[95.1213,26.3498],[95.1322,26.378],[95.1286,26.3858],[95.1213,26.3864],[95.1076,26.3956],[95.0997,26.3936],[95.0964,26.4007],[95.1038,26.4206],[95.0843,26.4471],[95.0735,26.4481],[95.0642,26.4427],[95.0618,26.45],[95.0682,26.4628],[95.0717,26.4643],[95.0724,26.4722],[95.0826,26.4796],[95.0893,26.4904],[95.096,26.4927],[95.1001,26.5055],[95.1145,26.5178],[95.1163,26.5239],[95.1133,26.5363],[95.1072,26.5401],[95.1236,26.5525],[95.124,26.5566],[95.1394,26.5566],[95.1411,26.5667],[95.1482,26.5791],[95.1545,26.5832],[95.1471,26.5919],[95.1494,26.6159],[95.1639,26.622],[95.1679,26.628],[95.1671,26.6346],[95.1811,26.6428],[95.2,26.6427],[95.2,26.6452],[95.2123,26.6513],[95.2331,26.6809],[95.2495,26.6835],[95.257,26.6763],[95.2589,26.6556],[95.274,26.6586],[95.3039,26.6507],[95.313,26.6621],[95.3267,26.6645],[95.3274,26.6687],[95.3364,26.6734],[95.3456,26.6752],[95.3606,26.6706],[95.3758,26.6839],[95.3947,26.6846],[95.4014,26.6889],[95.4033,26.6942],[95.4175,26.6935],[95.4305,26.7002],[95.4323,26.7156],[95.4539,26.7338],[95.459,26.7425],[95.4685,26.7432],[95.4738,26.7403],[95.4827,26.7464],[95.4841,26.7572],[95.5051,26.7922],[95.5083,26.8096],[95.5229,26.8138],[95.5249,26.8227],[95.5351,26.827],[95.5432,26.8356],[95.557,26.8299],[95.5712,26.816],[95.5838,26.8175],[95.6018,26.8113],[95.6083,26.813],[95.6126,26.8254],[95.6209,26.8318],[95.6272,26.8434],[95.6293,26.8581],[95.6268,26.8624],[95.6341,26.8686],[95.6321,26.8736],[95.6447,26.8767],[95.6464,26.8847],[95.6673,26.9029],[95.6752,26.9012],[95.6799,26.8957],[95.6948,26.8921],[95.7065,26.8819],[95.7173,26.8794],[95.723,26.8815],[95.7344,26.894],[95.7407,26.8938],[95.7467,26.9009],[95.7511,26.909],[95.7465,26.9159],[95.7478,26.9258],[95.7555,26.9299],[95.7559,26.9351],[95.7601,26.9368],[95.7549,26.9537],[95.7604,26.9575],[95.76,26.9642],[95.7697,26.9771],[95.7808,26.9789],[95.7835,26.9907],[95.7964,26.9977],[95.8025,27.0072],[95.8021,27.0147],[95.8282,27.0079],[95.8422,27.0139],[95.8701,27.0126],[95.8756,27.0144],[95.8786,27.0226],[95.8862,27.0259],[95.8891,27.0237],[95.9013,27.0325],[95.9043,27.0389],[95.9106,27.0366],[95.9462,27.0519],[95.9555,27.0769],[95.9649,27.0872],[95.9637,27.0924],[95.9688,27.0999],[95.9852,27.1127],[96,27.1352],[96.0084,27.14],[96.0186,27.161],[96.0184,27.1701],[96.0319,27.1861],[96.0366,27.186],[96.0549,27.1963],[96.0644,27.2059],[96.0714,27.2051],[96.0829,27.2129],[96.0909,27.2233],[96.0992,27.224],[96.1116,27.2317],[96.1208,27.2313],[96.1369,27.2414],[96.1466,27.2418],[96.1538,27.2474],[96.1856,27.2492],[96.1947,27.2617],[96.2057,27.2601],[96.224,27.2722],[96.2286,27.2786],[96.2315,27.276],[96.2459,27.276],[96.2477,27.2726],[96.2557,27.2746],[96.2713,27.2714],[96.276,27.2807],[96.2744,27.283],[96.3083,27.2941],[96.3409,27.2849],[96.3461,27.2853],[96.3522,27.2948],[96.3675,27.287],[96.3722,27.2889],[96.3766,27.2848],[96.3824,27.2866],[96.387,27.2844],[96.403,27.2915],[96.4081,27.2875],[96.4229,27.3018],[96.4357,27.3022],[96.4407,27.3063],[96.4442,27.3017],[96.4625,27.306],[96.4707,27.3005],[96.4894,27.2964],[96.49,27.3024],[96.5083,27.2988],[96.5187,27.2867],[96.5241,27.2861],[96.5316,27.2964],[96.5417,27.3003],[96.5426,27.3086],[96.5518,27.3139],[96.551,27.3177],[96.5558,27.3203],[96.5645,27.3183],[96.5884,27.3355],[96.5961,27.3334],[96.5911,27.3466],[96.6037,27.3592],[96.6056,27.3655],[96.6245,27.3667],[96.6447,27.3594],[96.6608,27.3641],[96.6709,27.3607],[96.6727,27.357],[96.6754,27.3614],[96.6976,27.3577],[96.7022,27.3601],[96.7036,27.3721],[96.73,27.3617],[96.7292,27.3596],[96.745,27.3584],[96.7516,27.3525],[96.7662,27.357],[96.7995,27.3433],[96.8052,27.3289],[96.8232,27.3077],[96.8358,27.3025],[96.8482,27.2901],[96.8499,27.277],[96.8471,27.2712],[96.8585,27.2617],[96.8685,27.2584],[96.885,27.2593],[96.888,27.2469],[96.8822,27.2424],[96.882,27.2366],[96.8879,27.2356],[96.8854,27.226],[96.8671,27.2169],[96.8603,27.2104],[96.8546,27.21],[96.8591,27.1971],[96.8571,27.1923],[96.8743,27.1805],[96.9016,27.1685],[96.9329,27.1615],[96.9436,27.1637],[96.953,27.1619],[96.9553,27.1643],[96.9638,27.1613],[96.9651,27.1581],[96.9848,27.1544],[96.9925,27.1404],[97.0043,27.1392],[97.0291,27.1284],[97.0344,27.1231],[97.0322,27.1167],[97.0388,27.1151],[97.043,27.1114],[97.0432,27.1066],[97.0527,27.1035],[97.069,27.088],[97.0735,27.0963],[97.0953,27.0945],[97.0934,27.102],[97.1004,27.1066],[97.1043,27.1027],[97.1177,27.1026],[97.123,27.0942],[97.1364,27.0897],[97.1471,27.1058],[97.1492,27.1161],[97.1602,27.1214],[97.1595,27.1272],[97.1641,27.1334],[97.1623,27.1405],[97.15,27.1474],[97.1444,27.1637],[97.1381,27.1624],[97.123,27.1728],[97.1203,27.1885],[97.089,27.212],[97.0911,27.2249],[97.0864,27.2375],[97.0725,27.2454],[97.0735,27.2514],[97.0689,27.2569],[97.0551,27.2654],[97.0546,27.2749],[97.0414,27.2817],[97.035,27.2951],[97.0308,27.2982],[97.0286,27.3073],[97.0222,27.3069],[97.0154,27.313],[97.0092,27.3104],[96.9985,27.3188],[96.9906,27.3438],[96.9811,27.3454],[96.9788,27.3565],[96.9624,27.374],[96.9676,27.3807],[96.9603,27.3945],[96.9625,27.4016],[96.9433,27.4095],[96.9314,27.4193],[96.9327,27.4304],[96.9161,27.4462],[96.903,27.4527],[96.9047,27.4699],[96.9111,27.4872],[96.9301,27.5098],[96.9272,27.5245],[96.919,27.538],[96.9083,27.5429],[96.9099,27.5778],[96.9052,27.581],[96.8912,27.5797],[96.8927,27.592],[96.8897,27.6067],[96.8942,27.6155],[96.9042,27.6137],[96.9128,27.6277],[96.9215,27.6321],[96.9301,27.645],[96.9342,27.6602],[96.95,27.664],[96.9655,27.6622],[96.971,27.6671],[96.9775,27.6634],[96.9845,27.6658],[96.9821,27.6714],[96.9836,27.6796],[96.9944,27.6979],[97.006,27.7079],[97.013,27.7232],[97.018,27.7271],[97.019,27.7383],[97.0229,27.7416],[97.0312,27.742],[97.032,27.7485],[97.0399,27.7471],[97.0483,27.7397],[97.0558,27.7462],[97.065,27.749],[97.0743,27.7401],[97.0866,27.734],[97.0926,27.7369],[97.1011,27.7506],[97.0977,27.7571],[97.1039,27.7702],[97.1117,27.7747],[97.1169,27.781],[97.1164,27.7848],[97.1224,27.7844],[97.1439,27.8064],[97.1563,27.8062],[97.1637,27.8137],[97.1693,27.8152],[97.1704,27.8295],[97.1851,27.8308],[97.1858,27.8418],[97.2013,27.8506],[97.2199,27.8702],[97.2304,27.8757],[97.2485,27.8991],[97.2652,27.9016],[97.2796,27.9104],[97.2871,27.9071],[97.2975,27.9167],[97.3054,27.9145],[97.3106,27.9051],[97.3173,27.9035],[97.3223,27.8947],[97.3221,27.8885],[97.3423,27.8862],[97.3573,27.8745],[97.3649,27.8746],[97.3732,27.8878],[97.3822,27.8931],[97.3718,27.9111],[97.3748,27.927],[97.3699,27.9395],[97.378,27.95],[97.3658,27.9608],[97.3641,27.9681],[97.3663,27.9757],[97.3738,27.976],[97.3781,27.9831],[97.3859,27.9871],[97.3876,27.9947],[97.3844,28.0001],[97.4011,28.0067],[97.4062,28.0119],[97.4074,28.0187],[97.3898,28.0307],[97.3752,28.0353],[97.3698,28.046],[97.3743,28.0628],[97.3233,28.0568],[97.3147,28.0603],[97.3071,28.0696],[97.3078,28.0822],[97.3158,28.0922],[97.3337,28.1021],[97.343,28.1145],[97.3258,28.1396],[97.3261,28.15],[97.3494,28.1714],[97.3556,28.1872],[97.3613,28.191],[97.3719,28.1916],[97.3956,28.1854],[97.3959,28.19],[97.3752,28.2205],[97.351,28.2278],[97.2861,28.2671],[97.2608,28.2691],[97.2509,28.2651],[97.2336,28.2716],[97.2254,28.2845],[97.2169,28.2895],[97.2022,28.289],[97.1877,28.2842],[97.1728,28.2863],[97.1656,28.2923],[97.1377,28.3327],[97.1233,28.3409],[97.0921,28.3516],[97.0816,28.3523],[97.0653,28.3444],[97.0458,28.3398],[97.0258,28.3212],[97.0074,28.31],[96.9915,28.3044],[96.9869,28.3055],[96.9775,28.3153],[96.9638,28.3194],[96.9465,28.3324],[96.9232,28.3396],[96.9169,28.3443],[96.9066,28.3637],[96.8878,28.3782],[96.8548,28.3673],[96.8451,28.3593],[96.8369,28.3567],[96.77,28.361],[96.7628,28.3657],[96.7536,28.3831],[96.7535,28.393],[96.7436,28.4057],[96.7233,28.4189],[96.7065,28.4211],[96.6834,28.4294],[96.6504,28.45],[96.6135,28.4501],[96.5699,28.4458],[96.5566,28.4398],[96.5003,28.4019],[96.4626,28.4073],[96.4509,28.4026],[96.4426,28.3962],[96.4225,28.3705],[96.416,28.3459],[96.4157,28.3334],[96.3915,28.3266],[96.3871,28.3286],[96.3792,28.344],[96.3685,28.3493],[96.365,28.3543],[96.3618,28.3744],[96.3296,28.3691],[96.3016,28.3689],[96.2969,28.3821],[96.2834,28.3917],[96.2547,28.3925],[96.254,28.3978],[96.3054,28.4309],[96.3173,28.4429],[96.3505,28.4615],[96.3583,28.4714],[96.3572,28.4831],[96.3493,28.4918],[96.3252,28.5062],[96.3172,28.517],[96.3262,28.5235],[96.3361,28.5366],[96.3473,28.5419],[96.394,28.547],[96.3975,28.5504],[96.3985,28.5695],[96.4215,28.5734],[96.4284,28.5831],[96.4412,28.5907],[96.459,28.6076],[96.4818,28.6191],[96.4875,28.6291],[96.474,28.6566],[96.4657,28.6671],[96.467,28.6709],[96.4921,28.6743],[96.5038,28.6838],[96.5189,28.6907],[96.5676,28.6991],[96.5863,28.7088],[96.5995,28.7248],[96.6088,28.7432],[96.6136,28.7665],[96.6091,28.7802],[96.5717,28.8211],[96.5333,28.8751],[96.5355,28.9047],[96.5305,28.9226],[96.5171,28.94],[96.5198,28.9564],[96.5073,28.9576],[96.4938,28.9518],[96.4861,28.9541],[96.4731,28.9773],[96.4803,28.9975],[96.5241,29.066],[96.5177,29.0667],[96.4886,29.0559],[96.4586,29.0364],[96.4391,29.0293],[96.3998,29.0257],[96.3669,29.0271],[96.3458,29.0214],[96.3193,29.0048],[96.3082,29.0012],[96.2801,28.9791],[96.2741,28.9702],[96.2566,28.9556],[96.236,28.9267],[96.1731,28.8918],[96.1665,28.8921],[96.1639,28.9045],[96.1541,28.9175],[96.1449,28.9229],[96.1433,28.9289],[96.1515,28.9528],[96.1719,28.9575],[96.1776,28.9635],[96.1773,28.9921],[96.1541,29.0385],[96.1398,29.0543],[96.1255,29.0636],[96.1217,29.0709],[96.1712,29.0826],[96.1849,29.0893],[96.2217,29.1363],[96.2442,29.1525],[96.3245,29.1627],[96.3411,29.1666],[96.3553,29.1751],[96.3649,29.1891],[96.3714,29.2091],[96.39,29.2326],[96.3954,29.2466],[96.3839,29.2751],[96.3803,29.2806],[96.373,29.2835],[96.3627,29.2827],[96.3547,29.2675],[96.3458,29.2628],[96.3165,29.2564],[96.3013,29.2422],[96.2873,29.2411],[96.2673,29.2462],[96.2311,29.2448],[96.219,29.2519],[96.1937,29.2962],[96.1858,29.3047],[96.1825,29.3149],[96.1871,29.3221],[96.1822,29.349],[96.1632,29.3743],[96.1497,29.3992],[96.1386,29.4074],[96.1267,29.4107],[96.0995,29.4507],[96.0821,29.4606],[96.048,29.4544],[96.0119,29.4166],[95.9971,29.4094],[95.994,29.4147],[95.9807,29.4091],[95.9638,29.39],[95.9546,29.384],[95.9343,29.3837],[95.8747,29.3935],[95.87,29.3912],[95.844,29.3559],[95.8391,29.3542],[95.8251,29.358],[95.8104,29.3436],[95.7984,29.3391],[95.7918,29.3392],[95.7836,29.358],[95.7792,29.3583],[95.7684,29.3449],[95.7529,29.3346],[95.7302,29.308],[95.7181,29.3001],[95.6965,29.3],[95.6831,29.2796],[95.6317,29.2472],[95.5973,29.2588],[95.588,29.2535],[95.5847,29.24],[95.5853,29.2178],[95.5806,29.2135],[95.5343,29.2131],[95.533,29.2088],[95.545,29.1757],[95.5417,29.1294],[95.5313,29.1282],[95.5011,29.141],[95.4943,29.1399],[95.4896,29.1285],[95.4879,29.0805],[95.4532,29.0346],[95.4473,29.0313],[95.4362,29.039],[95.416,29.0321],[95.363,29.0381],[95.3014,29.0596],[95.2851,29.0601],[95.2674,29.0523],[95.2588,29.0551],[95.2472,29.0696],[95.2517,29.0754],[95.2475,29.0954],[95.2484,29.1086],[95.1815,29.1052],[95.1539,29.113],[95.1245,29.1146],[95.0946,29.1415],[95.0399,29.1502],[94.9927,29.1713],[94.9842,29.1724],[94.9821,29.1698],[95.0149,29.1465],[95.0252,29.1337],[95.0239,29.1306],[94.9929,29.1413],[94.9644,29.1595],[94.9189,29.1586],[94.9115,29.1638],[94.9113,29.1746],[94.904,29.1783],[94.8946,29.1747],[94.8482,29.1775],[94.8129,29.1649],[94.805,29.1668],[94.8002,29.1717],[94.7941,29.1898],[94.7999,29.2088],[94.799,29.2162],[94.7505,29.2705],[94.6883,29.3242],[94.6732,29.3279],[94.6563,29.3386],[94.634,29.3459],[94.628,29.3393],[94.6264,29.3213],[94.6049,29.291],[94.5802,29.2731],[94.5776,29.255],[94.5592,29.2302],[94.5438,29.2207],[94.5246,29.2193],[94.4718,29.219],[94.4335,29.2255],[94.4253,29.2159],[94.4046,29.2019],[94.388,29.1957],[94.3755,29.1851],[94.3685,29.1592],[94.3589,29.1519],[94.3377,29.147],[94.3,29.1485],[94.2758,29.1339],[94.2599,29.1143],[94.2181,29.0816],[94.1938,29.046],[94.1724,29.0043],[94.1674,29.0015],[94.1529,28.9616],[94.0454,28.8779],[94.026,28.8531],[93.9962,28.8429],[93.9957,28.8199],[93.9875,28.8113],[93.9868,28.801],[93.996,28.7916],[93.9962,28.7724],[93.9928,28.7667],[93.9697,28.7499],[93.9668,28.7445],[93.9662,28.722],[93.9631,28.7124],[93.933,28.6718],[93.9191,28.6706],[93.903,28.6762],[93.8577,28.7047],[93.8393,28.7071],[93.7813,28.6671],[93.7733,28.6667],[93.7453,28.6851],[93.7298,28.6853],[93.7172,28.6802],[93.6863,28.6755],[93.6546,28.6603],[93.6418,28.6574],[93.5756,28.6546],[93.5285,28.6595],[93.5216,28.6738],[93.5076,28.6813],[93.4919,28.6827],[93.4834,28.6772],[93.4756,28.6521],[93.4722,28.6518],[93.4557,28.673],[93.4513,28.674],[93.4398,28.6631],[93.4197,28.6528],[93.3855,28.646],[93.3624,28.638],[93.3441,28.6398],[93.3346,28.6343],[93.3319,28.6101],[93.3294,28.6071],[93.3171,28.606],[93.3055,28.599],[93.3027,28.5935],[93.3085,28.5774],[93.307,28.5672],[93.294,28.5515],[93.2797,28.5066],[93.2421,28.4851],[93.2298,28.4753],[93.2152,28.4571],[93.1847,28.4415],[93.1869,28.434],[93.1919,28.4297],[93.2261,28.4113],[93.2295,28.4013],[93.2235,28.3754],[93.2248,28.3515],[93.2215,28.3275],[93.1913,28.3196],[93.1689,28.3203],[93.137,28.3295],[93.1264,28.3289],[93.1085,28.312],[93.0895,28.3073],[93.0524,28.3068],[93.0315,28.3099],[93.0245,28.3053],[93.0242,28.2929],[93.0298,28.2691],[92.9996,28.2356],[92.9937,28.2363],[92.9767,28.2579],[92.9637,28.2613],[92.9211,28.2391],[92.9128,28.2304],[92.9053,28.2149],[92.8977,28.2085],[92.8363,28.1763],[92.8276,28.1767],[92.8201,28.184],[92.8166,28.191],[92.8175,28.2097],[92.8137,28.2105],[92.8005,28.2045],[92.786,28.1878],[92.7599,28.1695],[92.6873,28.1291],[92.6623,28.072],[92.6673,28.0639],[92.6911,28.055],[92.7086,28.0404],[92.7199,28.0168],[92.7404,27.9969],[92.7382,27.9876],[92.6684,27.9021],[92.6601,27.8973],[92.6165,27.8877],[92.5811,27.85],[92.5557,27.8174],[92.536,27.8256],[92.5205,27.8432],[92.4999,27.8455],[92.4773,27.8295],[92.4724,27.8207],[92.456,27.8089],[92.4459,27.8061],[92.4343,27.8092],[92.4234,27.8184],[92.4074,27.8189],[92.3886,27.8153],[92.3843,27.8131],[92.3851,27.8006],[92.3825,27.7946],[92.3349,27.786],[92.3224,27.7797],[92.3104,27.7784],[92.3025,27.7859],[92.2879,27.8126],[92.2775,27.8528],[92.2679,27.8637],[92.2458,27.868],[92.2212,27.864],[92.1513,27.8316],[92.1116,27.8063],[92.0645,27.7665],[92.0492,27.7582],[92.0256,27.7613],[92.0034,27.7709],[91.9898,27.769],[91.9678,27.7531],[91.9658,27.7454],[91.9542,27.7458],[91.9483,27.7327],[91.9237,27.7173],[91.9013,27.7296],[91.8825,27.7224],[91.875,27.7231],[91.8704,27.733],[91.8609,27.7364],[91.858,27.7471],[91.8531,27.7506],[91.8459,27.7769],[91.8375,27.7786],[91.8283,27.7893],[91.8253,27.8076],[91.8189,27.8081],[91.8127,27.7994],[91.805,27.8038],[91.7872,27.8029],[91.7742,27.7966],[91.7491,27.8007],[91.7337,27.8001],[91.6988,27.8147],[91.668,27.8528],[91.6235,27.8547],[91.6073,27.852],[91.5997,27.8575],[91.5937,27.8541],[91.5886,27.8599],[91.5764,27.8644],[91.5699,27.848],[91.5588,27.8561],[91.5543,27.8541],[91.554,27.8463],[91.5672,27.8254],[91.566,27.8186],[91.5726,27.8167],[91.5763,27.8119],[91.581,27.812],[91.5858,27.8173],[91.5977,27.818],[91.6004,27.8227],[91.6076,27.8239],[91.6267,27.8123],[91.6356,27.8015],[91.634,27.7957],[91.637,27.7944],[91.64,27.774],[91.6448,27.77],[91.6419,27.7523],[91.6346,27.745],[91.6387,27.7364],[91.6319,27.7168],[91.6269,27.7158],[91.6299,27.7092],[91.6289,27.7001],[91.6197,27.6939],[91.6072,27.6908],[91.6042,27.6835],[91.5962,27.6798],[91.5938,27.6701],[91.5825,27.6625],[91.5728,27.6603],[91.5706,27.6508],[91.5645,27.6423],[91.5625,27.6299],[91.5844,27.6082],[91.5702,27.5945],[91.5663,27.5831],[91.5834,27.5655],[91.5822,27.5568],[91.5885,27.5523],[91.5937,27.5421],[91.602,27.5406],[91.6123,27.5437],[91.6139,27.5318],[91.624,27.5142],[91.645,27.502],[91.6525,27.483],[91.6592,27.4835],[91.6951,27.5053],[91.7136,27.4935],[91.7178,27.4851],[91.7146,27.4745],[91.7306,27.4695],[91.7522,27.4757],[91.7681,27.4737],[91.767,27.4648],[91.8137,27.4744],[91.8253,27.4679],[91.8426,27.4778],[91.8486,27.4865],[91.8551,27.4821],[91.8608,27.4848],[91.8691,27.4791],[91.8716,27.4708],[91.8877,27.4762],[91.8965,27.4713],[91.9231,27.4741],[91.9436,27.4597],[91.9468,27.4618],[91.9534,27.46],[91.9615,27.4607],[91.9728,27.4672],[91.9789,27.4633],[91.9902,27.4688],[91.9944,27.4782],[92.007,27.4766],[92.0163,27.4808],[92.0232,27.4629],[92.0222,27.448],[92.0268,27.4401],[92.0323,27.4406],[92.0425,27.4352],[92.0425,27.4185],[92.0476,27.4088],[92.0585,27.3997],[92.0548,27.3961],[92.0544,27.3828],[92.049,27.3768],[92.0482,27.3631],[92.0528,27.3513],[92.0625,27.3422],[92.0646,27.327],[92.089,27.3046],[92.1022,27.3012],[92.1202,27.2903],[92.125,27.282],[92.1208,27.2724],[92.1035,27.2687],[92.0945,27.2713],[92.0861,27.2697],[92.0757,27.278],[92.0675,27.2772],[92.0453,27.2691],[92.0438,27.2632],[92.038,27.2584],[92.0592,27.2518],[92.0726,27.2331],[92.069,27.2131],[92.0632,27.2101],[92.0584,27.1903],[92.0371,27.1793],[92.0267,27.1683],[92.0358,27.1349],[92.0231,27.1096],[92.0302,27.0998],[92.0308,27.0799],[92.0441,27.0514],[92.0524,27.0522],[92.0812,27.0413],[92.0831,27.0341],[92.0789,27.0287],[92.0784,27.0174],[92.0954,27.012],[92.1042,27.0026],[92.1083,26.9898],[92.105,26.9866],[92.1053,26.9791],[92.1181,26.9744],[92.1204,26.9585],[92.1136,26.9505],[92.1186,26.9423],[92.1152,26.932],[92.1152,26.9138],[92.1177,26.9098],[92.1145,26.8937],[92.1019,26.8811],[92.1027,26.8672],[92.0782,26.8555],[92.0567,26.8474],[92.0171,26.85],[91.9835,26.8582],[91.9705,26.8707],[91.9642,26.8825],[91.8917,26.9191],[91.8591,26.9133],[91.8242,26.864],[91.7206,26.8117],[91.7046,26.813],[91.6898,26.8065],[91.6255,26.8209],[91.5924,26.8052],[91.4951,26.7912],[91.464,26.8024],[91.4411,26.8148],[91.4077,26.8396],[91.376,26.7952],[91.3373,26.7809],[91.2966,26.787],[91.2771,26.8003],[91.2369,26.812],[91.1921,26.8134],[91.1459,26.8109],[91.0976,26.822],[91.0541,26.781],[90.9919,26.7906],[90.9593,26.7845],[90.9565,26.7878],[90.8164,26.776],[90.7424,26.7748],[90.7173,26.7683],[90.6933,26.7706],[90.676,26.7841],[90.6466,26.7766],[90.6344,26.7938],[90.5845,26.8037],[90.5466,26.8166],[90.4175,26.9045],[90.3566,26.9007],[90.3503,26.8891],[90.3478,26.8753],[90.3003,26.8482],[90.2488,26.859],[90.2305,26.8589],[90.2008,26.8353],[90.1877,26.8068],[90.1945,26.7733],[90.1399,26.7536],[90.0496,26.7304],[90.0082,26.7322],[89.9671,26.7235],[89.8973,26.7243],[89.8629,26.7371],[89.8589,26.7349],[89.8642,26.731],[89.8621,26.7174],[89.8652,26.7075],[89.8629,26.7008],[89.8066,26.7106],[89.7714,26.701],[89.7616,26.7141],[89.7548,26.7175],[89.7587,26.7288],[89.7528,26.7353],[89.7447,26.7288],[89.7392,26.7294],[89.7235,26.7226],[89.7179,26.7298],[89.7077,26.7312],[89.7003,26.7373],[89.6899,26.7331],[89.6751,26.74],[89.6702,26.7394],[89.6695,26.732],[89.6597,26.7195],[89.65,26.7173],[89.6351,26.725],[89.6311,26.7188],[89.6238,26.7185],[89.6231,26.7235],[89.6171,26.7281],[89.6227,26.7391],[89.6435,26.7485],[89.6457,26.7528],[89.6439,26.7603],[89.6524,26.7683],[89.6506,26.7763],[89.6315,26.783],[89.6209,26.7775],[89.614,26.7861],[89.6,26.7873],[89.5939,26.7921],[89.5659,26.7994],[89.5602,26.8129],[89.5484,26.8092],[89.5342,26.8147],[89.5115,26.8141],[89.4946,26.8032],[89.4695,26.8027],[89.461,26.8061],[89.4501,26.818],[89.4504,26.8307],[89.4395,26.8403],[89.4229,26.836],[89.4138,26.8403],[89.3898,26.8419],[89.3836,26.8591],[89.379,26.8622],[89.3268,26.8432],[89.3231,26.8511],[89.3185,26.8513],[89.2763,26.8287],[89.2624,26.8138],[89.2394,26.8187],[89.1935,26.8108],[89.1766,26.8191],[89.1345,26.8076],[89.1241,26.822],[89.1154,26.8242],[89.1007,26.8425],[89.1063,26.8604],[89.0925,26.8726],[89.0957,26.8917],[89.0695,26.9037],[89.0487,26.8994],[89.0509,26.916],[89.0408,26.923],[89.03,26.9231],[89.0216,26.9407],[88.9804,26.9172],[88.944,26.9343],[88.9489,26.9376],[88.9473,26.9413],[88.9536,26.9473],[88.9525,26.9684],[88.9217,26.9939],[88.9117,26.9867],[88.9087,26.9795],[88.8845,26.955],[88.8842,26.9494],[88.8771,26.9444],[88.8711,26.9625],[88.8744,26.9854],[88.8707,26.9927],[88.8782,27.0346],[88.881,27.0377],[88.8769,27.042],[88.8799,27.0661],[88.875,27.0704],[88.8756,27.0897],[88.8709,27.1079],[88.8666,27.1104],[88.8516,27.1081],[88.8472,27.1122],[88.8424,27.1112],[88.8387,27.1163],[88.8336,27.1156],[88.8264,27.1216],[88.8119,27.1268],[88.8041,27.1388],[88.7924,27.1355],[88.7737,27.1353],[88.7464,27.1441],[88.7493,27.1474],[88.7569,27.1482],[88.7604,27.1529],[88.7572,27.1654],[88.7646,27.177],[88.7789,27.1835],[88.7868,27.182],[88.7891,27.1937],[88.7988,27.2075],[88.8033,27.22],[88.8031,27.2478],[88.8282,27.2572],[88.8314,27.2622],[88.8666,27.2646],[88.8791,27.2611],[88.8877,27.2685],[88.8977,27.2702],[88.8997,27.2742],[88.9033,27.2726],[88.9136,27.2901],[88.9088,27.304],[88.9193,27.3206],[88.9192,27.3268],[88.9159,27.3298],[88.9061,27.3272],[88.8957,27.3317],[88.8821,27.344],[88.8811,27.3596],[88.8778,27.3586],[88.8654,27.3653],[88.8605,27.3871],[88.8555,27.383],[88.846,27.3836],[88.84,27.3785],[88.8359,27.3797],[88.8307,27.3888],[88.8234,27.3901],[88.8213,27.3991],[88.8056,27.4065],[88.8065,27.4121],[88.8038,27.4146],[88.809,27.4237],[88.8019,27.4234],[88.795,27.4283],[88.7912,27.4375],[88.7946,27.4457],[88.7823,27.4499],[88.7821,27.4574],[88.7768,27.4675],[88.7817,27.4754],[88.7801,27.4802],[88.787,27.4884],[88.7834,27.4998],[88.7894,27.5187],[88.7945,27.5246],[88.7935,27.5298],[88.7846,27.5283],[88.7789,27.5317],[88.7753,27.5374],[88.7743,27.5546],[88.7661,27.5664],[88.771,27.5708],[88.784,27.571],[88.7931,27.5751],[88.7905,27.5846],[88.8104,27.5993],[88.8081,27.6079],[88.8116,27.6185],[88.8057,27.6234],[88.8138,27.6401],[88.8171,27.6443],[88.8301,27.6449],[88.849,27.6653],[88.8515,27.6732],[88.845,27.6758],[88.8416,27.6812],[88.8474,27.697],[88.8386,27.7047],[88.8442,27.7117],[88.8551,27.715],[88.863,27.7398],[88.8683,27.7422],[88.8603,27.7528],[88.8538,27.7557],[88.8544,27.7816],[88.8603,27.8019],[88.8564,27.8159],[88.8801,27.8299],[88.8824,27.8519],[88.8871,27.8565],[88.8785,27.8684],[88.877,27.8774],[88.8819,27.889],[88.8714,27.9006],[88.8693,27.9152],[88.8602,27.9285],[88.8363,27.9292],[88.8425,27.9524],[88.8404,27.9814],[88.8435,27.9927],[88.8374,28.0177],[88.8163,28.0243],[88.805,28.0331],[88.7944,28.047],[88.7946,28.0516],[88.7776,28.0571],[88.7746,28.0652],[88.7617,28.0759],[88.7513,28.0789],[88.722,28.0768],[88.7115,28.0803],[88.6977,28.0779],[88.6825,28.0794],[88.6784,28.0724],[88.6702,28.0743],[88.6649,28.0872],[88.647,28.0986],[88.6353,28.1188],[88.6267,28.1255],[88.6088,28.1294],[88.6074,28.1242],[88.6165,28.118],[88.6184,28.0997],[88.6064,28.0997],[88.6005,28.0899],[88.59,28.09],[88.5836,28.0841],[88.5634,28.0908],[88.5512,28.0824],[88.5548,28.0736],[88.5473,28.0476],[88.5501,28.039],[88.5443,28.0334],[88.5208,28.0375],[88.5194,28.044],[88.51,28.0415],[88.4947,28.0544],[88.4891,28.0452],[88.4799,28.0435],[88.4729,28.0328],[88.4682,28.0165],[88.429,28.0073],[88.4253,28.0025],[88.4144,27.9997],[88.4078,27.9821],[88.3996,27.9812],[88.3969,27.9778],[88.3867,27.9784],[88.3796,27.9821],[88.3744,27.9894],[88.3474,27.9888],[88.3318,27.9816],[88.3305,27.9728],[88.3153,27.9776],[88.3068,27.9665],[88.296,27.9686],[88.2851,27.9659],[88.2732,27.9544],[88.2652,27.9567],[88.2603,27.9471],[88.2501,27.9411],[88.2372,27.9707],[88.2252,27.9606],[88.2118,27.9641],[88.2052,27.9497],[88.2069,27.9411],[88.1846,27.943],[88.1781,27.9492],[88.1502,27.96],[88.146,27.9644],[88.1326,27.9492],[88.1386,27.9379],[88.1324,27.9309],[88.131,27.9244],[88.1234,27.921],[88.1203,27.9158],[88.1362,27.8933],[88.1376,27.886],[88.1333,27.8821],[88.165,27.8682],[88.1792,27.8564],[88.1952,27.8546],[88.2022,27.8422],[88.2021,27.8369],[88.1952,27.835],[88.1881,27.8255],[88.1736,27.8206],[88.1742,27.8173],[88.1858,27.8104],[88.187,27.8018],[88.1973,27.7914],[88.1955,27.7863],[88.182,27.7747],[88.1838,27.7666],[88.178,27.7588],[88.1786,27.7462],[88.1702,27.7412],[88.1587,27.7406],[88.1549,27.7303],[88.1556,27.7174],[88.1478,27.7029],[88.1543,27.6919],[88.1471,27.6793],[88.1439,27.6638],[88.1204,27.6453],[88.1171,27.6297],[88.1199,27.6275],[88.1128,27.6151],[88.1142,27.6109],[88.1063,27.6026],[88.0903,27.5957],[88.0792,27.5792],[88.0755,27.5714],[88.0812,27.5653],[88.0788,27.5604],[88.0696,27.5553],[88.0688,27.546],[88.0587,27.5345],[88.0664,27.5271],[88.0606,27.5243],[88.0582,27.5157],[88.0619,27.5129],[88.0552,27.5044],[88.0466,27.5009],[88.0442,27.4957],[88.0443,27.4782],[88.0607,27.4608],[88.067,27.4579],[88.0645,27.4537],[88.0726,27.4458],[88.0679,27.4384],[88.0752,27.4332],[88.0742,27.4269],[88.0667,27.4247],[88.0508,27.413],[88.0469,27.4059],[88.0485,27.4008],[88.0419,27.3704],[88.0509,27.3584],[88.0577,27.3562],[88.0671,27.3357],[88.0524,27.3242],[88.0489,27.3128],[88.0416,27.304],[88.0449,27.2937],[88.0321,27.2864],[88.0307,27.25],[88.0244,27.242],[88.025,27.2383],[88.0203,27.2369],[88.019,27.225],[88.0128,27.2171],[88.0157,27.2107],[88.012,27.2042],[88.0163,27.1964],[88.0126,27.1779],[88.0194,27.1712],[88.0117,27.1664],[88.0074,27.1431],[88.0009,27.1403],[88.0002,27.1347],[87.9914,27.1308],[87.9885,27.1188],[87.9914,27.1051],[88.0027,27.1046],[88.0116,27.0972],[88.0156,27.0888],[88.0204,27.0867],[88.0207,27.0828],[88.0159,27.0768],[88.0259,27.054],[88.0379,27.0363],[88.0457,27.0369],[88.0596,27.0294],[88.0778,27.0354],[88.0817,27.0319],[88.0889,27.0159],[88.0886,27.008],[88.0923,27.0046],[88.0988,27.0042],[88.1092,26.9923],[88.1185,26.987],[88.13,26.9874],[88.1351,26.9846],[88.1244,26.9714],[88.1205,26.9503],[88.1432,26.9253],[88.1451,26.9153],[88.1365,26.8986],[88.1527,26.885],[88.1565,26.8855],[88.1623,26.8804],[88.1665,26.8701],[88.1726,26.8683],[88.1744,26.8595],[88.1729,26.8515],[88.1677,26.8497],[88.1705,26.8456],[88.1679,26.8374],[88.1729,26.8351],[88.1731,26.8244],[88.1791,26.8162],[88.1773,26.8047],[88.1879,26.7718],[88.1872,26.7482],[88.1817,26.7195],[88.168,26.6969],[88.1679,26.6839],[88.1643,26.6784],[88.1631,26.6459],[88.158,26.6399],[88.1604,26.6364],[88.1545,26.6303],[88.1422,26.6257],[88.1389,26.606],[88.13,26.6011],[88.132,26.5931],[88.1274,26.5818],[88.1308,26.5766],[88.1288,26.5728],[88.1258,26.5777],[88.123,26.5724],[88.1179,26.5746],[88.1193,26.5683],[88.1136,26.5727],[88.1109,26.5624],[88.1137,26.5587],[88.1089,26.5575],[88.1057,26.5611],[88.1055,26.5508],[88.1096,26.5487],[88.1116,26.5451],[88.098,26.5378],[88.1037,26.536],[88.103,26.5182],[88.0943,26.5156],[88.0958,26.5102],[88.0903,26.5072],[88.0924,26.5047],[88.0986,26.5059],[88.0994,26.4966],[88.1047,26.4875],[88.1006,26.4793],[88.1069,26.4738],[88.0979,26.4725],[88.1035,26.4685],[88.1031,26.4656],[88.0921,26.4626],[88.0971,26.4521],[88.0962,26.4402],[88.0697,26.4136],[88.0714,26.4081],[88.0639,26.4103],[88.0565,26.4057],[88.0558,26.4004],[88.0477,26.401],[88.0466,26.3974],[88.0322,26.3879],[88.0279,26.3691],[88.0307,26.3649],[88.0087,26.3611],[88.0031,26.3657],[87.9954,26.366],[87.9921,26.3714],[87.9919,26.3926],[87.966,26.3972],[87.9323,26.418],[87.9269,26.4178],[87.9258,26.4281],[87.9168,26.4305],[87.9163,26.4332],[87.9245,26.4385],[87.923,26.4467],[87.8987,26.4487],[87.9098,26.4576],[87.9002,26.4773],[87.8883,26.4868],[87.886,26.4764],[87.8584,26.4639],[87.8582,26.4566],[87.8626,26.4531],[87.8614,26.4489],[87.851,26.4453],[87.8488,26.4365],[87.8283,26.44],[87.8297,26.45],[87.8172,26.4592],[87.79,26.4694],[87.7867,26.4681],[87.7888,26.4621],[87.7831,26.4545],[87.7744,26.4508],[87.7769,26.4476],[87.7731,26.4364],[87.7779,26.4357],[87.7732,26.4266],[87.7761,26.4247],[87.7674,26.4182],[87.7648,26.4099],[87.7539,26.408],[87.7484,26.418],[87.7393,26.4176],[87.7339,26.4076],[87.7231,26.4125],[87.7223,26.4195],[87.7139,26.4228],[87.7111,26.4275],[87.6983,26.4283],[87.6923,26.4357],[87.6776,26.4355],[87.6781,26.4158],[87.6502,26.406],[87.6519,26.3935],[87.6276,26.3939],[87.6123,26.3901],[87.6073,26.3812],[87.5871,26.3821],[87.588,26.3924],[87.553,26.4057],[87.5477,26.4184],[87.5166,26.4308],[87.4666,26.4402],[87.4435,26.4331],[87.4279,26.4224],[87.3886,26.4191],[87.3762,26.407],[87.3689,26.4079],[87.3564,26.3879],[87.3535,26.372],[87.3584,26.3611],[87.3411,26.3475],[87.3219,26.3602],[87.3125,26.3716],[87.3016,26.3661],[87.2896,26.3737],[87.266,26.3739],[87.2663,26.4057],[87.2562,26.4111],[87.2499,26.4095],[87.2479,26.4138],[87.2288,26.4136],[87.2239,26.4058],[87.2184,26.4033],[87.211,26.4093],[87.2109,26.4134],[87.1858,26.4142],[87.1892,26.4053],[87.1626,26.4039],[87.1393,26.4148],[87.0917,26.4503],[87.0805,26.5214],[87.0728,26.542],[87.0718,26.5858],[87.0447,26.5872],[87.0425,26.5683],[87.0154,26.532],[86.9909,26.5231],[86.9793,26.5251],[86.9753,26.5201],[86.9613,26.524],[86.9595,26.5204],[86.9465,26.5208],[86.9446,26.5173],[86.9322,26.517],[86.93,26.4897],[86.8946,26.488],[86.8902,26.4818],[86.8942,26.4619],[86.8846,26.4614],[86.8734,26.4541],[86.8614,26.458],[86.8559,26.4487],[86.8453,26.4476],[86.8466,26.4418],[86.8378,26.4426],[86.8338,26.4391],[86.7665,26.4594],[86.7627,26.4558],[86.7646,26.4522],[86.7528,26.4455],[86.7476,26.4362],[86.7472,26.4282],[86.7377,26.4236],[86.7251,26.4267],[86.7203,26.4349],[86.6997,26.4378],[86.6956,26.4447],[86.6964,26.4489],[86.6335,26.4643],[86.626,26.4693],[86.628,26.4768],[86.6211,26.4842],[86.5717,26.4961],[86.5544,26.5161],[86.555,26.5242],[86.552,26.5236],[86.551,26.5302],[86.5416,26.5387],[86.5218,26.5435],[86.5155,26.5392],[86.499,26.542],[86.4559,26.568],[86.4299,26.5731],[86.3957,26.5849],[86.3962,26.5937],[86.3417,26.6059],[86.3391,26.6089],[86.3439,26.6164],[86.3329,26.6191],[86.3079,26.62],[86.293,26.6131],[86.2759,26.6173],[86.2531,26.6147],[86.2492,26.609],[86.2452,26.6093],[86.2432,26.603],[86.2372,26.6014],[86.2344,26.5907],[86.2312,26.5932],[86.2177,26.5885],[86.2055,26.5967],[86.1986,26.5937],[86.1931,26.6145],[86.1721,26.6171],[86.1457,26.6086],[86.1426,26.6052],[86.1363,26.6063],[86.1411,26.6168],[86.1388,26.6289],[86.1196,26.6301],[86.0741,26.6497],[86.0698,26.6573],[86.03,26.6661],[86.012,26.6591],[86.0116,26.6552],[85.9758,26.6585],[85.9678,26.6519],[85.9569,26.6489],[85.9525,26.6375],[85.9556,26.6309],[85.9464,26.6218],[85.9479,26.6139],[85.9408,26.6136],[85.9383,26.6165],[85.9335,26.6139],[85.9291,26.6168],[85.9278,26.6104],[85.9139,26.6088],[85.9006,26.6005],[85.9007,26.595],[85.892,26.5947],[85.8875,26.583],[85.8797,26.5841],[85.858,26.569],[85.8568,26.5723],[85.8492,26.569],[85.8486,26.577],[85.8581,26.5899],[85.8513,26.6087],[85.8312,26.6115],[85.8306,26.6016],[85.8177,26.6028],[85.8036,26.615],[85.8018,26.6243],[85.7698,26.6299],[85.7593,26.6364],[85.7486,26.6389],[85.7325,26.6558],[85.7367,26.6642],[85.7256,26.6707],[85.7248,26.7099],[85.728,26.7176],[85.7261,26.7222],[85.7295,26.725],[85.728,26.7295],[85.734,26.7371],[85.7287,26.7498],[85.7351,26.778],[85.7345,26.7959],[85.7211,26.8204],[85.7043,26.8323],[85.681,26.8432],[85.6424,26.8533],[85.6346,26.8722],[85.6239,26.8738],[85.6071,26.8575],[85.5857,26.8474],[85.5856,26.8551],[85.5825,26.8586],[85.5783,26.8568],[85.5756,26.861],[85.566,26.8411],[85.5578,26.8443],[85.5537,26.8345],[85.5433,26.8384],[85.5197,26.8146],[85.508,26.8168],[85.4977,26.8119],[85.4956,26.797],[85.4792,26.8022],[85.4787,26.794],[85.4519,26.7814],[85.4327,26.7901],[85.4247,26.7862],[85.4184,26.7903],[85.4077,26.7914],[85.3924,26.7754],[85.3844,26.7743],[85.3772,26.7628],[85.3708,26.7584],[85.3618,26.7628],[85.3554,26.7601],[85.3345,26.7417],[85.3071,26.7519],[85.2598,26.7556],[85.2325,26.7624],[85.2126,26.758],[85.1971,26.7708],[85.1915,26.7821],[85.1948,26.7849],[85.1927,26.7907],[85.1866,26.7909],[85.1869,26.7945],[85.1806,26.7956],[85.1825,26.8007],[85.1767,26.8096],[85.177,26.815],[85.1912,26.8308],[85.193,26.8661],[85.1898,26.87],[85.1677,26.8686],[85.14,26.8711],[85.135,26.8677],[85.1112,26.8722],[85.0857,26.8656],[85.0899,26.8597],[85.0831,26.8539],[85.0773,26.8556],[85.066,26.8532],[85.0632,26.8496],[85.0585,26.8559],[85.0575,26.8491],[85.024,26.8544],[85.0308,26.8585],[85.0284,26.8661],[85.032,26.8668],[85.0306,26.8739],[85.0369,26.8741],[85.0604,26.8846],[85.0521,26.8861],[85.0537,26.8889],[85.005,26.8947],[84.9928,26.903],[84.9954,26.9065],[85.0014,26.9039],[85.0001,26.9119],[84.9681,26.9162],[84.972,26.9216],[84.9703,26.9286],[84.9765,26.932],[84.9785,26.9401],[84.9626,26.9605],[84.9536,26.96],[84.9338,26.9678],[84.9093,26.9681],[84.8644,26.9844],[84.8575,26.9905],[84.8578,26.9976],[84.8534,26.9989],[84.8542,27.0083],[84.8295,27.0196],[84.8085,27.0181],[84.8081,27.0076],[84.7977,27.0043],[84.7938,26.996],[84.7917,26.9993],[84.7862,26.9985],[84.789,27.0089],[84.7842,27.0082],[84.7827,27.0141],[84.7731,27.0178],[84.7647,27.0129],[84.7567,27.0029],[84.734,27.0133],[84.7196,27.015],[84.7136,27.0217],[84.7013,27.027],[84.6434,27.0461],[84.6465,27.0521],[84.6429,27.06],[84.6431,27.066],[84.6474,27.0711],[84.6462,27.0757],[84.6588,27.0804],[84.6552,27.0844],[84.6703,27.0911],[84.6669,27.094],[84.6707,27.098],[84.6733,27.0952],[84.6753,27.101],[84.6698,27.1096],[84.6768,27.1152],[84.6756,27.1237],[84.6838,27.1436],[84.6834,27.1505],[84.6809,27.1511],[84.6868,27.1584],[84.6769,27.1631],[84.6799,27.1704],[84.6758,27.1718],[84.6844,27.1799],[84.684,27.1843],[84.6797,27.1865],[84.6828,27.1912],[84.683,27.1982],[84.6803,27.2001],[84.6872,27.2089],[84.6847,27.2129],[84.6911,27.2148],[84.6895,27.223],[84.6513,27.2924],[84.6219,27.3369],[84.6087,27.3364],[84.5664,27.3473],[84.5184,27.3521],[84.4756,27.3621],[84.4725,27.3554],[84.4665,27.3563],[84.4579,27.362],[84.4481,27.3631],[84.4404,27.3705],[84.425,27.3718],[84.3912,27.3681],[84.3734,27.3766],[84.3643,27.3732],[84.3474,27.3746],[84.3195,27.3813],[84.3005,27.3907],[84.2924,27.3848],[84.2828,27.3967],[84.277,27.3961],[84.2783,27.4158],[84.2738,27.4207],[84.2734,27.428],[84.2583,27.4398],[84.2602,27.4453],[84.2541,27.4541],[84.2371,27.4528],[84.2311,27.4563],[84.2208,27.4483],[84.2212,27.4421],[84.2083,27.443],[84.2079,27.4567],[84.2042,27.4595],[84.2095,27.4653],[84.2054,27.4704],[84.1955,27.4735],[84.1868,27.4702],[84.1795,27.4758],[84.1708,27.4757],[84.1709,27.4792],[84.1629,27.4842],[84.1491,27.4859],[84.1446,27.4964],[84.1503,27.5012],[84.1512,27.5167],[84.1387,27.5177],[84.1242,27.5108],[84.1173,27.5134],[84.1168,27.5192],[84.105,27.5211],[84.0975,27.5154],[84.0999,27.5105],[84.0944,27.4888],[84.0695,27.4806],[84.0663,27.4693],[84.0616,27.4665],[84.06,27.4583],[84.0621,27.4566],[84.0516,27.4426],[84.0323,27.4417],[84.0239,27.433],[84.0029,27.4425],[84.0014,27.44],[83.9948,27.4461],[83.9791,27.44],[83.9655,27.4461],[83.9451,27.4414],[83.9403,27.4486],[83.9325,27.4501],[83.9117,27.4407],[83.8783,27.4355],[83.869,27.4366],[83.8582,27.4445],[83.847,27.4459],[83.832,27.4284],[83.8326,27.4256],[83.8566,27.4043],[83.859,27.3962],[83.877,27.3861],[83.8833,27.3783],[83.8798,27.365],[83.8638,27.3468],[83.8318,27.3704],[83.6143,27.4694],[83.3889,27.4797],[83.3922,27.4759],[83.3881,27.4711],[83.3955,27.4694],[83.4017,27.4575],[83.3987,27.4493],[83.3851,27.4434],[83.3839,27.4363],[83.3955,27.4225],[83.405,27.4189],[83.4093,27.4128],[83.4064,27.4119],[83.4035,27.4021],[83.3845,27.3902],[83.3877,27.3756],[83.3821,27.3705],[83.3746,27.37],[83.3735,27.357],[83.369,27.3578],[83.3577,27.3503],[83.3592,27.3433],[83.3555,27.3446],[83.3372,27.3326],[83.3178,27.3374],[83.316,27.3314],[83.3085,27.3336],[83.3049,27.3313],[83.3006,27.3345],[83.2949,27.3333],[83.2724,27.3526],[83.2654,27.3654],[83.2722,27.3834],[83.2111,27.4235],[83.188,27.4543],[83.1657,27.4575],[83.0346,27.4487],[82.9541,27.4677],[82.9446,27.4769],[82.9396,27.491],[82.9293,27.5012],[82.8794,27.4986],[82.8325,27.5019],[82.8014,27.4964],[82.785,27.5],[82.7356,27.5024],[82.7368,27.5179],[82.7427,27.5164],[82.7419,27.5207],[82.7472,27.5193],[82.748,27.5268],[82.742,27.5317],[82.7423,27.5426],[82.7378,27.5466],[82.7419,27.5538],[82.747,27.5556],[82.7435,27.5603],[82.7502,27.5641],[82.7474,27.5725],[82.7524,27.5852],[82.7558,27.587],[82.7447,27.5961],[82.7457,27.6008],[82.7355,27.6092],[82.7337,27.6187],[82.7367,27.626],[82.7341,27.6293],[82.7381,27.6314],[82.7377,27.6374],[82.7305,27.6532],[82.7117,27.6662],[82.7156,27.6686],[82.7142,27.6772],[82.7183,27.6874],[82.7071,27.6992],[82.7052,27.7061],[82.7082,27.7208],[82.7021,27.7162],[82.6991,27.722],[82.689,27.7151],[82.6809,27.7139],[82.6658,27.7159],[82.6643,27.7226],[82.6552,27.7135],[82.6381,27.7091],[82.6274,27.7114],[82.6189,27.7023],[82.6052,27.7061],[82.5941,27.6974],[82.5854,27.6991],[82.5413,27.6857],[82.5166,27.6906],[82.4899,27.6817],[82.482,27.6832],[82.4733,27.6767],[82.4487,27.6793],[82.4017,27.7037],[82.3827,27.7208],[82.3677,27.7429],[82.3367,27.7546],[82.3035,27.7728],[82.2527,27.8104],[82.2304,27.8211],[82.2083,27.8436],[82.154,27.8668],[82.1502,27.8585],[82.1214,27.8659],[82.1139,27.8782],[82.0911,27.8946],[82.07,27.9237],[82.0621,27.9217],[81.9683,27.9291],[81.9382,27.894],[81.938,27.8879],[81.9298,27.8827],[81.9252,27.8753],[81.9251,27.8593],[81.9001,27.8536],[81.885,27.857],[81.8776,27.8661],[81.8341,27.8972],[81.8206,27.9033],[81.8049,27.904],[81.6984,27.9882],[81.6438,27.9936],[81.624,28.0016],[81.6181,28.0095],[81.5845,28.0255],[81.5474,28.0493],[81.4783,28.0827],[81.4798,28.1103],[81.484,28.1186],[81.4499,28.1409],[81.4467,28.161],[81.4177,28.1737],[81.3906,28.1737],[81.3735,28.1773],[81.367,28.1631],[81.3776,28.1566],[81.3745,28.1467],[81.3666,28.1417],[81.3348,28.1403],[81.3209,28.134],[81.3154,28.1372],[81.3183,28.1452],[81.3281,28.1481],[81.3204,28.1603],[81.3121,28.1559],[81.3101,28.1604],[81.3036,28.163],[81.3027,28.1677],[81.3214,28.1689],[81.3247,28.1753],[81.3184,28.1825],[81.3209,28.1976],[81.2995,28.2201],[81.292,28.2229],[81.2326,28.2892],[81.2345,28.3247],[81.2106,28.3608],[81.0797,28.3851],[81.047,28.4104],[81.0357,28.4136],[81.0338,28.3989],[81.0175,28.4155],[81.0342,28.4282],[81.0294,28.4388],[81.0193,28.4315],[81.0126,28.4378],[81.0168,28.4513],[80.9989,28.4531],[80.989,28.4415],[80.9777,28.4424],[80.9788,28.4342],[80.965,28.4379],[80.9679,28.443],[80.9646,28.4448],[80.9802,28.4552],[80.967,28.4572],[80.9642,28.4496],[80.9517,28.4476],[80.9514,28.4558],[80.9444,28.4549],[80.932,28.4589],[80.9456,28.4663],[80.9426,28.4689],[80.9324,28.4635],[80.9305,28.4578],[80.9172,28.4601],[80.9195,28.4642],[80.9142,28.4684],[80.9154,28.4576],[80.9056,28.4664],[80.9015,28.4863],[80.9067,28.4901],[80.9087,28.4981],[80.9,28.5011],[80.8961,28.507],[80.8754,28.5107],[80.8615,28.5044],[80.866,28.4896],[80.8556,28.4976],[80.8445,28.4958],[80.8439,28.4998],[80.83,28.5121],[80.8155,28.5207],[80.7891,28.5245],[80.7846,28.5294],[80.7896,28.5434],[80.7697,28.55],[80.7686,28.5659],[80.7383,28.5748],[80.7385,28.5664],[80.7244,28.5753],[80.7145,28.5684],[80.6905,28.5876],[80.6958,28.6035],[80.6775,28.6045],[80.6797,28.6211],[80.6708,28.6279],[80.6676,28.6422],[80.6513,28.6341],[80.6414,28.6433],[80.6333,28.6375],[80.6116,28.6395],[80.6062,28.6524],[80.5895,28.648],[80.5974,28.6561],[80.5803,28.6615],[80.5905,28.68],[80.5687,28.6881],[80.5503,28.6917],[80.5395,28.6908],[80.5061,28.6712],[80.5034,28.6651],[80.5215,28.5768],[80.5306,28.5726],[80.5225,28.5529],[80.5176,28.552],[80.5058,28.5685],[80.4996,28.5697],[80.4814,28.5853],[80.4702,28.5826],[80.472,28.591],[80.4619,28.6133],[80.4625,28.6176],[80.4509,28.6295],[80.4427,28.6288],[80.4372,28.636],[80.4229,28.6396],[80.4143,28.6395],[80.3858,28.6301],[80.3708,28.6296],[80.3709,28.6325],[80.361,28.6353],[80.3571,28.6415],[80.3608,28.6453],[80.3257,28.6665],[80.3211,28.6816],[80.3227,28.6869],[80.3171,28.7001],[80.2922,28.712],[80.2792,28.7097],[80.2565,28.7293],[80.2626,28.7329],[80.2656,28.7436],[80.2566,28.7543],[80.2348,28.7594],[80.216,28.7556],[80.1707,28.7828],[80.1181,28.829],[80.0748,28.8245],[80.0654,28.8368],[80.0585,28.9166],[80.0963,28.9757],[80.1006,28.9869],[80.1179,28.9816],[80.1267,29.0061],[80.1354,29.0074],[80.1363,29.0096],[80.1245,29.0131],[80.1312,29.0305],[80.1264,29.0319],[80.1372,29.0605],[80.1294,29.0627],[80.143,29.0986],[80.1651,29.1185],[80.1663,29.1247],[80.1791,29.1302],[80.1829,29.1371],[80.2031,29.1297],[80.2087,29.1224],[80.2328,29.1185],[80.2486,29.1283],[80.2535,29.1361],[80.272,29.1413],[80.2714,29.1476],[80.2577,29.1669],[80.2601,29.1725],[80.2587,29.187],[80.2405,29.2025],[80.2479,29.2205],[80.2531,29.2214],[80.2574,29.218],[80.258,29.2107],[80.2632,29.2061],[80.2748,29.207],[80.284,29.1972],[80.2905,29.1955],[80.2937,29.1978],[80.2974,29.2067],[80.2943,29.2104],[80.2953,29.2231],[80.2906,29.2317],[80.3002,29.2416],[80.2985,29.251],[80.3047,29.2752],[80.3042,29.2847],[80.3185,29.3035],[80.3169,29.3153],[80.3081,29.3229],[80.2958,29.3245],[80.2909,29.3311],[80.2911,29.336],[80.2848,29.3404],[80.2795,29.3503],[80.28,29.3591],[80.2714,29.3647],[80.2716,29.3738],[80.2789,29.38],[80.2731,29.3869],[80.2759,29.3914],[80.242,29.4117],[80.2457,29.4152],[80.2444,29.425],[80.2476,29.4362],[80.2426,29.442],[80.2461,29.4472],[80.2548,29.448],[80.2573,29.4517],[80.2744,29.4501],[80.2692,29.4542],[80.2783,29.4587],[80.2803,29.4519],[80.3027,29.4541],[80.2872,29.4736],[80.2872,29.4774],[80.2931,29.4791],[80.2987,29.4906],[80.3131,29.4848],[80.3156,29.5005],[80.3292,29.5058],[80.3321,29.5129],[80.3417,29.5103],[80.3498,29.5193],[80.3494,29.5252],[80.3549,29.5274],[80.3578,29.5333],[80.3486,29.5404],[80.3421,29.5401],[80.3456,29.5486],[80.3423,29.5524],[80.3638,29.5566],[80.3622,29.5631],[80.379,29.5622],[80.3791,29.5716],[80.3874,29.5712],[80.391,29.5811],[80.4074,29.5949],[80.4089,29.6042],[80.4059,29.612],[80.4082,29.6207],[80.4119,29.6262],[80.4209,29.6299],[80.4199,29.6393],[80.414,29.6447],[80.4164,29.6508],[80.4052,29.6601],[80.3997,29.6585],[80.3972,29.6629],[80.3907,29.6643],[80.3899,29.6712],[80.3835,29.6774],[80.3849,29.6841],[80.3808,29.6885],[80.3792,29.7014],[80.372,29.716],[80.3748,29.7212],[80.3686,29.7218],[80.3656,29.7271],[80.3694,29.7348],[80.3652,29.7387],[80.3652,29.7469],[80.3687,29.751],[80.3846,29.7503],[80.3848,29.7568],[80.3901,29.7605],[80.398,29.7597],[80.3963,29.7634],[80.4,29.7736],[80.4073,29.7841],[80.4071,29.7949],[80.4127,29.7917],[80.4159,29.7956],[80.4282,29.7977],[80.4339,29.8052],[80.4459,29.7989],[80.4643,29.8024],[80.4918,29.7954],[80.4926,29.8014],[80.4998,29.8091],[80.5005,29.8165],[80.5078,29.8238],[80.522,29.8274],[80.5233,29.8322],[80.5355,29.8387],[80.5384,29.8473],[80.552,29.8502],[80.5543,29.8616],[80.5609,29.8658],[80.5568,29.8695],[80.5656,29.8793],[80.5724,29.8949],[80.5697,29.9088],[80.5745,29.9246],[80.5897,29.9479],[80.6046,29.9593],[80.6296,29.9654],[80.6491,29.9557],[80.6742,29.9571],[80.6822,29.9622],[80.6911,29.9752],[80.7126,29.991],[80.7193,30.0008],[80.7374,29.9994],[80.7498,30.0095],[80.7576,30.0238],[80.756,30.0403],[80.761,30.0495],[80.7761,30.0543],[80.8056,30.09],[80.8203,30.0993],[80.8368,30.0975],[80.8446,30.1019],[80.8457,30.1072],[80.8419,30.1115],[80.8447,30.1162],[80.8628,30.1212],[80.8688,30.1263],[80.8742,30.1256],[80.8768,30.1344],[80.8715,30.1476],[80.8678,30.1739],[80.882,30.1837],[80.8956,30.2084],[80.9027,30.2154],[80.9197,30.2142],[80.9213,30.1983],[80.9183,30.1898],[80.9444,30.1787],[80.9601,30.179],[80.9996,30.1925],[81.029,30.1958],[81.0348,30.1981],[81.0339,30.2017],[81.0441,30.2058],[81.045,30.2113],[81.0297,30.2194],[81.0304,30.2258],[81.0259,30.227],[81.0332,30.2464],[81.0124,30.255],[81.0056,30.2631],[80.9331,30.2801],[80.8963,30.294],[80.8627,30.2995],[80.8216,30.3156],[80.7873,30.3426],[80.7857,30.3541],[80.7796,30.3621],[80.758,30.3876],[80.7457,30.3974],[80.7135,30.4082],[80.6781,30.4375],[80.6559,30.4425],[80.5918,30.4812],[80.5856,30.4821],[80.5766,30.4782],[80.5688,30.4662],[80.5601,30.4664],[80.5514,30.4609],[80.5476,30.4486],[80.5391,30.4492],[80.5171,30.4732],[80.4983,30.4842],[80.4477,30.4977],[80.4195,30.5152],[80.4167,30.5239],[80.4127,30.5252],[80.3983,30.5168],[80.3856,30.5151],[80.3783,30.5219],[80.3606,30.5274],[80.3189,30.5594],[80.2831,30.5722],[80.277,30.5658],[80.2617,30.5651],[80.2578,30.5588],[80.2533,30.5654],[80.2268,30.579],[80.2288,30.6035],[80.2171,30.6084],[80.2124,30.6184],[80.2119,30.6248],[80.2218,30.6333],[80.2212,30.6418],[80.1972,30.662],[80.1976,30.68],[80.2041,30.6849],[80.2125,30.6843],[80.2364,30.6904],[80.2369,30.7075],[80.2476,30.7178],[80.2502,30.7326],[80.2504,30.7424],[80.2429,30.7466],[80.2397,30.7621],[80.2302,30.7592],[80.2168,30.7489],[80.2131,30.7507],[80.2001,30.7647],[80.2032,30.7765],[80.1876,30.7899],[80.1778,30.8041],[80.1582,30.8059],[80.1542,30.7997],[80.1574,30.7887],[80.1435,30.7898],[80.1378,30.7841],[80.1224,30.7774],[80.1109,30.7793],[80.089,30.7941],[80.0768,30.8155],[80.0575,30.8294],[80.0583,30.8397],[80.0532,30.842],[80.042,30.8358],[80.0251,30.8481],[80.0123,30.8635],[79.9973,30.8691],[79.9896,30.8786],[79.9697,30.8825],[79.9621,30.89],[79.9537,30.8851],[79.9449,30.8862],[79.9291,30.8824],[79.9104,30.9151],[79.8903,30.9186],[79.8873,30.9345],[79.8793,30.9525],[79.8684,30.9663],[79.8578,30.9729],[79.8085,30.9763],[79.7694,30.9886],[79.7631,30.9955],[79.7536,30.997],[79.7394,30.9851],[79.7033,30.9727],[79.6949,30.9724],[79.6708,30.9793],[79.6544,30.9622],[79.6391,30.9584],[79.6037,30.9379],[79.5723,30.9498],[79.5507,30.9673],[79.519,31.0267],[79.5029,31.033],[79.4686,31.0335],[79.4456,31.0281],[79.4248,31.0305],[79.4225,31.0484],[79.4246,31.0711],[79.4077,31.077],[79.3988,31.1078],[79.3325,31.1274],[79.3175,31.1367],[79.3094,31.1474],[79.301,31.1678],[79.3032,31.1904],[79.2926,31.2212],[79.2802,31.235],[79.2519,31.243],[79.2503,31.2582],[79.2546,31.2685],[79.2699,31.2786],[79.2715,31.2868],[79.2392,31.3142],[79.2394,31.3179],[79.2465,31.3253],[79.2465,31.33],[79.2116,31.3464],[79.1922,31.3628],[79.1824,31.3852],[79.1738,31.3955],[79.1436,31.4255],[79.1274,31.4349],[79.1085,31.4376],[79.0996,31.4433],[79.09,31.445],[79.0705,31.4601],[79.0617,31.4614],[79.0559,31.455],[79.0509,31.44],[79.0515,31.4198],[79.0237,31.3964],[79.0176,31.3856],[79.0108,31.3571],[78.9753,31.3468],[78.9443,31.3326],[78.9371,31.3201],[78.9375,31.2962],[78.93,31.2819],[78.9306,31.2613],[78.927,31.2554],[78.9208,31.2539],[78.8935,31.2654],[78.8836,31.2874],[78.8814,31.2961],[78.8624,31.3171],[78.8518,31.3235],[78.843,31.325],[78.8544,31.3492],[78.8483,31.3673],[78.8413,31.3761],[78.8221,31.3871],[78.7902,31.3972],[78.7906,31.4015],[78.8066,31.4127],[78.8115,31.4394],[78.8097,31.4476],[78.7754,31.4697],[78.7633,31.4855],[78.7255,31.4842],[78.7266,31.4905],[78.721,31.5072],[78.7216,31.5123],[78.7278,31.5191],[78.7306,31.5338],[78.742,31.5405],[78.7559,31.543],[78.7602,31.5498],[78.7672,31.5456],[78.7738,31.5459],[78.7809,31.5568],[78.8047,31.5688],[78.808,31.578],[78.8186,31.5779],[78.8305,31.5956],[78.8403,31.5988],[78.8461,31.6083],[78.8397,31.6238],[78.8319,31.6259],[78.8162,31.6391],[78.811,31.6391],[78.8031,31.6459],[78.7981,31.6576],[78.7993,31.678],[78.7971,31.6832],[78.7868,31.6786],[78.7661,31.6754],[78.7538,31.6783],[78.7497,31.6847],[78.7522,31.6897],[78.7494,31.6997],[78.7445,31.7044],[78.7415,31.719],[78.7345,31.7231],[78.729,31.7339],[78.7242,31.7576],[78.7059,31.7735],[78.7025,31.8052],[78.7044,31.8109],[78.7206,31.8264],[78.7431,31.8383],[78.7446,31.8575],[78.7424,31.8637],[78.7481,31.8738],[78.7397,31.8861],[78.7459,31.893],[78.7435,31.902],[78.768,31.9306],[78.7677,31.9437],[78.7624,31.9488],[78.7643,31.9586],[78.7775,31.966],[78.7709,31.9735],[78.7775,31.9953],[78.7641,32.001],[78.7502,31.9997],[78.7456,32.0022],[78.7332,32.0188],[78.7177,32.0288],[78.6942,32.0601],[78.6749,32.0709],[78.6677,32.0879],[78.6672,32.0992],[78.652,32.1103],[78.6281,32.108],[78.6151,32.1114],[78.611,32.1302],[78.6053,32.1406],[78.5905,32.1506],[78.5917,32.1554],[78.6062,32.1699],[78.6109,32.2007],[78.6045,32.2152],[78.5707,32.2418],[78.5531,32.248],[78.4987,32.2381],[78.4521,32.2388],[78.4713,32.2608],[78.4806,32.2799],[78.4782,32.342],[78.4978,32.3668],[78.5077,32.3725],[78.5109,32.3898],[78.5322,32.4159],[78.5189,32.4228],[78.4893,32.4202],[78.4834,32.4387],[78.4552,32.4527],[78.4519,32.4594],[78.4531,32.4675],[78.4658,32.4792],[78.4575,32.4982],[78.4477,32.5064],[78.4204,32.5073],[78.4162,32.5149],[78.4071,32.5235],[78.4049,32.5295],[78.4144,32.5364],[78.4185,32.5589],[78.4379,32.5678],[78.4527,32.5795],[78.4616,32.5804],[78.4856,32.5732],[78.5089,32.5947],[78.5264,32.6065],[78.5449,32.6123],[78.5869,32.6081],[78.5976,32.5993],[78.6126,32.6055],[78.6257,32.6071],[78.6323,32.6111],[78.6544,32.6492],[78.6689,32.6586],[78.6952,32.6584],[78.7104,32.6632],[78.7257,32.6752],[78.7423,32.696],[78.7459,32.6961],[78.7523,32.6908],[78.7401,32.6555],[78.7583,32.639],[78.7751,32.6173],[78.7799,32.6001],[78.7773,32.5907],[78.758,32.5727],[78.7562,32.5653],[78.7585,32.5543],[78.7709,32.5386],[78.7685,32.5287],[78.7755,32.5036],[78.7767,32.4839],[78.7812,32.4753],[78.8015,32.4588],[78.8079,32.4399],[78.8188,32.4381],[78.836,32.4253],[78.8519,32.4205],[78.8619,32.4138],[78.9,32.3841],[78.9147,32.3671],[78.95,32.3528],[78.9628,32.3375],[78.9825,32.3458],[78.9938,32.3643],[79.025,32.367],[79.0492,32.3834],[79.0675,32.385],[79.0956,32.3679],[79.1045,32.3717],[79.1118,32.3993],[79.1276,32.4227],[79.1292,32.4325],[79.1265,32.4467],[79.1205,32.454],[79.1265,32.4643],[79.1406,32.4766],[79.1809,32.4778],[79.2206,32.5083],[79.2257,32.5166],[79.2584,32.5234],[79.2701,32.5178],[79.2973,32.4885],[79.3122,32.4871],[79.3203,32.4913],[79.347,32.5266],[79.3622,32.5376],[79.3706,32.5416],[79.3759,32.5315],[79.3911,32.5248],[79.4182,32.5242],[79.4239,32.527],[79.4328,32.541],[79.4438,32.5689],[79.4491,32.5735],[79.4627,32.579],[79.4803,32.593],[79.5088,32.5915],[79.522,32.5948],[79.5454,32.6074],[79.5536,32.6203],[79.5578,32.6306],[79.5643,32.6708],[79.5608,32.6859],[79.6052,32.7355],[79.5931,32.7494],[79.5825,32.7716],[79.5624,32.7693],[79.5547,32.7773],[79.5412,32.7826],[79.523,32.8134],[79.4863,32.862],[79.4714,32.8672],[79.4703,32.8724],[79.4326,32.9252],[79.4188,32.9333],[79.4031,32.9525],[79.3928,32.9583],[79.3861,32.9593],[79.375,32.9549],[79.3654,32.9607],[79.3667,32.9829],[79.352,32.9826],[79.3517,33.0157],[79.3711,33.025],[79.3776,33.0384],[79.3769,33.0481],[79.368,33.0621],[79.4107,33.1357],[79.4175,33.1552],[79.4158,33.1685],[79.427,33.1859],[79.4348,33.2141],[79.4389,33.2485],[79.4342,33.2544],[79.3612,33.2732],[79.3435,33.2748],[79.3249,33.2673],[79.3031,33.2666],[79.2414,33.2877],[79.2273,33.2898],[79.1819,33.2869],[79.1672,33.2893],[79.1459,33.2844],[79.1093,33.2838],[79.0854,33.2887],[79.0332,33.3143],[79.0196,33.3308],[79.0042,33.3364],[78.9887,33.3474],[78.9727,33.3673],[78.9548,33.3742],[78.9416,33.3895],[78.94,33.4022],[78.9334,33.4078],[78.9326,33.412],[78.9366,33.4173],[78.9284,33.4393],[78.9318,33.4799],[78.9441,33.512],[78.9278,33.5338],[78.919,33.5376],[78.9142,33.5624],[78.8882,33.5738],[78.8934,33.5901],[78.9052,33.6046],[78.9079,33.6202],[78.9317,33.6196],[78.9394,33.6135],[78.9493,33.6172],[78.9617,33.6157],[78.9776,33.6084],[79.0069,33.6079],[79.0239,33.6136],[79.0286,33.6194],[79.0772,33.6211],[79.0868,33.6172],[79.0864,33.6225],[79.0932,33.629],[79.0925,33.6374],[79.0675,33.6638],[79.033,33.6688],[79.0141,33.6847],[79.0117,33.7086],[79.0246,33.7393],[79.0319,33.7449],[79.0282,33.7493],[79.0376,33.7521],[79.05,33.7491],[79.0572,33.7514],[79.057,33.7585],[79.0505,33.7539],[79.0419,33.7573],[79.0316,33.7685],[79.0198,33.7704],[79.0148,33.7674],[79.0048,33.7723],[78.9957,33.8126],[78.9895,33.8181],[78.977,33.8222],[78.9712,33.8383],[78.966,33.844],[78.9612,33.861],[78.9624,33.8754],[78.9538,33.8738],[78.9556,33.8838],[78.9478,33.893],[78.946,33.9018],[78.9266,33.9258],[78.92,33.9432],[78.9057,33.953],[78.8912,33.9709],[78.8912,33.9744],[78.9028,33.9874],[78.9121,34.0101],[78.9391,34.0174],[78.9812,34.0341],[78.9975,34.0372],[79.0074,34.0432],[79.015,34.044],[79.0773,34.0136],[79.103,34.012],[79.1367,34.0187],[79.1443,34.0239],[79.1471,34.0317],[79.1436,34.0577],[79.1557,34.0543],[79.1762,34.0592],[79.2027,34.0413],[79.2284,34.0437],[79.264,34.0351],[79.2679,34.0307],[79.2979,34.0336],[79.3747,34.0262],[79.3937,34.0192],[79.4082,34.0071],[79.4206,34.0064],[79.4341,34.013],[79.4403,34.0196],[79.4397,34.0235],[79.4185,34.0397],[79.4137,34.0466],[79.4134,34.0593],[79.4206,34.0777],[79.4657,34.0954],[79.4901,34.1202],[79.4952,34.1282],[79.4879,34.1452],[79.4925,34.1786],[79.4976,34.1885],[79.515,34.2005],[79.5417,34.1934],[79.5499,34.1943],[79.5572,34.2032],[79.5685,34.2063],[79.5893,34.2281],[79.5963,34.264],[79.5943,34.2749],[79.5646,34.3179],[79.5583,34.3803],[79.5678,34.395],[79.5315,34.4042],[79.5282,34.4165],[79.5303,34.4379],[79.5138,34.4603],[79.5284,34.4615],[79.5371,34.4682],[79.5695,34.4743],[79.6005,34.4857],[79.6262,34.4762],[79.6492,34.4767],[79.6628,34.4683],[79.6767,34.4707],[79.696,34.467],[79.722,34.468],[79.7322,34.4641],[79.7523,34.468],[79.7885,34.4657],[79.7992,34.4765],[79.8134,34.4809],[79.8114,34.4925],[79.817,34.5034],[79.8159,34.5108],[79.8087,34.5198],[79.7705,34.536],[79.7595,34.5376],[79.7632,34.5596],[79.7731,34.5664],[79.7908,34.571],[79.7913,34.5776],[79.7827,34.595],[79.7736,34.6034],[79.7754,34.6107],[79.8025,34.6277],[79.8173,34.6306],[79.8289,34.6485],[79.8572,34.6735],[79.8724,34.6787],[79.8894,34.6787],[79.9435,34.6661],[79.9732,34.6755],[79.9937,34.6775],[80.0389,34.6885],[80.0464,34.6916],[80.0632,34.7067],[80.0677,34.7197],[80.0684,34.7966],[80.0715,34.8161],[80.0776,34.8306],[80.1137,34.858],[80.1583,34.9397],[80.1874,35.0117],[80.1888,35.0409],[80.1957,35.0597],[80.184,35.1424],[80.1895,35.1558],[80.2296,35.2004],[80.2341,35.2135],[80.2375,35.245],[80.2464,35.2632],[80.2684,35.2948],[80.2694,35.3047],[80.2917,35.3593],[80.2941,35.3816],[80.2866,35.4039],[80.2914,35.4275],[80.3133,35.445],[80.3401,35.4567],[80.3422,35.466],[80.3391,35.4793],[80.3253,35.5095],[80.3216,35.5535],[80.3161,35.5727],[80.3071,35.5895],[80.2567,35.6235],[80.2365,35.6324],[80.1857,35.6444],[80.1463,35.6591],[80.1284,35.6595],[80.1229,35.6636],[80.1,35.7121],[80.0868,35.7217],[80.0772,35.7364],[80.0557,35.783],[80.0355,35.8078],[80.0081,35.8283],[79.973,35.8257],[79.9511,35.8185],[79.8921,35.7718],[79.7481,35.7916],[79.7266,35.8097],[79.7156,35.8145],[79.6621,35.8309],[79.5934,35.8472],[79.5465,35.8666],[79.5364,35.8745],[79.4351,35.8927],[79.4271,35.9037],[79.4068,35.9855],[79.2617,35.9843],[79.2134,35.9536],[79.2031,35.9254],[79.2193,35.8998],[79.2202,35.8888],[79.1913,35.8581],[79.1561,35.832],[79.0537,35.8411],[79.0165,35.8563],[78.9679,35.8843],[78.9336,35.8662],[78.8274,35.8482],[78.7942,35.8547],[78.7814,35.8635],[78.7596,35.8577],[78.7266,35.8604],[78.7105,35.8513],[78.675,35.8515],[78.6695,35.8483],[78.6579,35.8289],[78.6468,35.8178],[78.6193,35.8049],[78.5979,35.8021],[78.5834,35.7832],[78.5737,35.7848],[78.5269,35.7565],[78.5129,35.7656],[78.4747,35.767],[78.4553,35.7758],[78.4351,35.7782],[78.4276,35.7741],[78.4275,35.7649],[78.417,35.761],[78.4058,35.7357],[78.4002,35.7308],[78.3415,35.7166],[78.2948,35.7213],[78.2763,35.7145],[78.2802,35.6932],[78.2777,35.6842],[78.279,35.6708],[78.2836,35.662],[78.2806,35.6585],[78.2717,35.6566],[78.2621,35.6436],[78.2583,35.6425],[78.2182,35.6617],[78.2095,35.6629],[78.2046,35.6453],[78.1948,35.6364],[78.1967,35.6247],[78.1675,35.6277],[78.1661,35.624],[78.1736,35.6084],[78.1732,35.5995],[78.1583,35.5824],[78.1612,35.5514],[78.1522,35.5499],[78.147,35.5396],[78.1341,35.5403],[78.125,35.5487],[78.1024,35.5563],[78.0902,35.5522],[78.0847,35.5532],[78.0464,35.5875],[77.9991,35.5857],[77.9862,35.5905],[77.9656,35.6045],[77.9588,35.6031],[77.9709,35.5814],[77.9711,35.566],[77.9622,35.5507],[77.9382,35.5265],[77.9346,35.5163],[77.9392,35.5093],[77.9615,35.4993],[77.9648,35.4952],[77.9644,35.4807],[77.9529,35.4746],[77.9407,35.4867],[77.9244,35.4951],[77.914,35.4696],[77.9107,35.467],[77.9017,35.4686],[77.8873,35.4817],[77.8803,35.4829],[77.8697,35.4788],[77.8494,35.4938],[77.8468,35.5008],[77.8431,35.501],[77.8356,35.5101],[77.8262,35.5149],[77.8158,35.5179],[77.7976,35.517],[77.7557,35.506],[77.7388,35.5239],[77.7297,35.5213],[77.7225,35.511],[77.727,35.4929],[77.6957,35.4804],[77.6568,35.4814],[77.6529,35.4848],[77.6232,35.4766],[77.6055,35.4768],[77.5807,35.4806],[77.5361,35.496],[77.4738,35.4771],[77.4273,35.469],[77.4157,35.4722],[77.3906,35.4716],[77.3773,35.4819],[77.3722,35.4931],[77.3609,35.4938],[77.3446,35.5196],[77.321,35.534],[77.3558,35.5467],[77.3833,35.5502],[77.3947,35.5478],[77.4052,35.54],[77.4098,35.5288],[77.4272,35.5225],[77.4346,35.5162],[77.4553,35.5257],[77.4732,35.5224],[77.4842,35.5316],[77.4831,35.5357],[77.4618,35.5476],[77.462,35.5527],[77.4709,35.5667],[77.4705,35.5782],[77.4648,35.5855],[77.4653,35.5938],[77.4422,35.6022],[77.4341,35.6091],[77.442,35.618],[77.44,35.651],[77.4289,35.6607],[77.4034,35.662],[77.4015,35.6831],[77.3944,35.69],[77.3817,35.6906],[77.3802,35.7008],[77.3681,35.7169],[77.3346,35.7201],[77.3269,35.7022],[77.3219,35.6973],[77.3163,35.6979],[77.2819,35.72],[77.275,35.7101],[77.2696,35.7082],[77.2401,35.709],[77.2279,35.7149],[77.227,35.7284],[77.2163,35.7291],[77.207,35.7341],[77.1897,35.7318],[77.1765,35.735],[77.1699,35.7427],[77.1735,35.764],[77.1493,35.7696],[77.1467,35.7811],[77.134,35.7838],[77.1326,35.7901],[77.1354,35.7944],[77.1221,35.796],[77.1123,35.8017],[77.1053,35.7986],[77.0938,35.8001],[77.0712,35.787],[77.0591,35.7836],[77.0019,35.7762],[76.9715,35.788],[76.9439,35.791],[76.9328,35.7884],[76.9211,35.7926],[76.9084,35.8002],[76.8993,35.81],[76.8742,35.8218],[76.8546,35.8401],[76.841,35.8399],[76.8135,35.8492],[76.7979,35.8624],[76.7884,35.8996],[76.7542,35.9295],[76.7318,35.9565],[76.7335,35.964],[76.7588,35.9822],[76.7563,35.9905],[76.7589,35.9938],[76.7711,36.0012],[76.784,36.0146],[76.8136,36.0266],[76.8129,36.035],[76.8096,36.037],[76.8104,36.0532],[76.7885,36.0606],[76.7817,36.0669],[76.7524,36.0731],[76.7283,36.0872],[76.7128,36.1179],[76.7111,36.1351],[76.6536,36.1789],[76.6474,36.191],[76.6408,36.1908],[76.6163,36.1728],[76.5679,36.1779],[76.561,36.1832],[76.5548,36.1976],[76.5246,36.2048],[76.4841,36.2198],[76.4634,36.2433],[76.4456,36.2534],[76.4383,36.2617],[76.4402,36.2655],[76.451,36.2687],[76.4541,36.2756],[76.4521,36.284],[76.4365,36.3032],[76.434,36.3183],[76.4364,36.3218],[76.4243,36.3198],[76.407,36.3266],[76.3633,36.3631],[76.3515,36.3687],[76.3411,36.3683],[76.2824,36.3553],[76.2549,36.356],[76.2298,36.3691],[76.2032,36.3917],[76.1953,36.3958],[76.1815,36.3958],[76.1738,36.4005],[76.0891,36.4811],[76.0749,36.4882],[76.0425,36.4958],[75.997,36.5001],[75.9756,36.5075],[75.9605,36.5286],[75.9328,36.5492],[75.9289,36.5582],[75.9342,36.5829],[75.9283,36.6048],[75.9189,36.6205],[75.8782,36.6488],[75.8524,36.6753],[75.8316,36.6841],[75.8098,36.701],[75.7297,36.7465],[75.7157,36.7519],[75.6975,36.7514],[75.6742,36.7626],[75.6525,36.7688],[75.6171,36.7696],[75.6073,36.7791],[75.4633,36.8281],[75.4548,36.8448],[75.4462,36.8876],[75.4385,36.9003],[75.4318,36.9055],[75.421,36.9081],[75.4067,36.9065],[75.4066,36.923],[75.4025,36.9279],[75.4101,36.9347],[75.405,36.9412],[75.4181,36.9501],[75.4193,36.9669],[75.414,36.9767],[75.4051,36.9826],[75.3946,36.9831],[75.3758,36.9764],[75.3653,36.9759],[75.3523,36.9912],[75.3522,36.9972],[75.3602,37.0015],[75.3602,37.0393],[75.3555,37.0609],[75.3428,37.068],[75.2649,37.0624],[75.2204,37.0516],[75.1875,37.022],[75.1737,37.0012],[75.1637,37.0001],[75.1641,37.008],[75.1469,37.0199],[75.117,37.0098],[75.0664,37.0055],[75.0399,37.0155],[75.0172,37.0081],[74.9945,36.9863],[74.9224,36.9346],[74.8998,36.9425],[74.8881,36.9509],[74.8513,36.988],[74.8352,37.0193],[74.8409,37.0322],[74.8348,37.0383],[74.8348,37.0563],[74.8318,37.0624],[74.8216,37.0603],[74.79,37.0392],[74.769,37.0412],[74.7602,37.036],[74.7534,37.0224],[74.7446,37.0219],[74.7264,37.0385],[74.7159,37.0537],[74.7057,37.0878],[74.6892,37.088],[74.6832,37.095],[74.6767,37.097],[74.644,37.0938],[74.6198,37.0889],[74.6122,37.0828],[74.6158,37.0608],[74.5894,37.0592],[74.5681,37.0518],[74.5779,37.0458],[74.5794,37.0368],[74.5716,37.0344],[74.5734,37.0217],[74.5689,36.9875],[74.563,36.9642],[74.5584,36.9603],[74.5426,36.9614],[74.5309,36.9877],[74.5174,36.9989],[74.4206,36.9961],[74.4012,36.9804],[74.3739,36.974],[74.3541,36.9647],[74.3108,36.9299],[74.2523,36.9004],[74.2364,36.8996],[74.2103,36.9076],[74.1906,36.91],[74.152,36.9099],[74.1412,36.8957],[74.1274,36.8481],[74.1197,36.8417],[74.1097,36.841],[74.0941,36.8463],[74.085,36.8463],[74.0724,36.8403],[74.0508,36.8417],[74.0224,36.8483],[73.9884,36.8626],[73.9287,36.8787],[73.8424,36.9085],[73.7694,36.9019],[73.7513,36.9097],[73.7449,36.9089],[73.7335,36.9007],[73.7139,36.9054],[73.7051,36.9127],[73.69,36.9143],[73.6626,36.9112],[73.6419,36.9041],[73.663,36.8883],[73.685,36.8557],[73.7063,36.8428],[73.7055,36.8378],[73.7118,36.8344],[73.7198,36.8363],[73.7366,36.8302],[73.7387,36.826],[73.7491,36.8274],[73.7588,36.8162],[73.774,36.815],[73.788,36.819],[73.7905,36.8091],[73.8064,36.7908],[73.8148,36.789],[73.8354,36.7952],[73.8403,36.7913],[73.8536,36.7738],[73.863,36.7483],[73.8625,36.7333],[73.8547,36.7138],[73.8478,36.7077],[73.8403,36.706],[73.7814,36.721],[73.7566,36.7196],[73.7366,36.7132],[73.7069,36.7207],[73.6911,36.7171],[73.6794,36.7079],[73.6603,36.7027],[73.5861,36.7074],[73.5793,36.7224],[73.5746,36.7201],[73.5686,36.7274],[73.563,36.729],[73.5239,36.7232],[73.483,36.7265],[73.4682,36.7292],[73.462,36.7351],[73.4564,36.7317],[73.4253,36.7474],[73.4072,36.7515],[73.3555,36.7463],[73.3241,36.7313],[73.2477,36.7113],[73.2036,36.7116],[73.1572,36.723],[73.1419,36.7188],[73.1197,36.7027],[73.1058,36.6966],[73.0793,36.6928],[73.0676,36.7006],[73.0693,36.6923],[73.06,36.6908],[73.05,36.6819],[73.0475,36.6711],[73.0514,36.6528],[73.0686,36.6219],[73.073,36.6053],[73.0533,36.5786],[73.0383,36.5406],[73.02,36.5254],[73.0002,36.5181],[72.9992,36.5201],[72.9903,36.5131],[72.9779,36.5115],[72.9798,36.506],[72.9641,36.4984],[72.9653,36.4787],[72.963,36.4737],[72.955,36.4693],[72.9291,36.4704],[72.9069,36.467],[72.8752,36.4529],[72.8655,36.4378],[72.8592,36.4337],[72.8637,36.4291],[72.8616,36.4104],[72.8558,36.3838],[72.8466,36.3727],[72.8075,36.3541],[72.76,36.3227],[72.7091,36.3033],[72.6773,36.2653],[72.6633,36.2594],[72.6503,36.2591],[72.624,36.2688],[72.6117,36.2695],[72.5833,36.2589],[72.5672,36.2483],[72.555,36.2344],[72.5472,36.223],[72.5403,36.2025],[72.5391,36.1783],[72.5359,36.1733],[72.541,36.1701],[72.5447,36.155],[72.5439,36.1447],[72.5225,36.107],[72.5167,36.0673],[72.5357,36.0473],[72.5451,36.0464],[72.5594,36.0333],[72.5655,36.0217],[72.5669,36.0075],[72.5578,35.986],[72.5488,35.9824],[72.5393,35.9862],[72.5424,35.9695],[72.5358,35.9611],[72.5349,35.9506],[72.5263,35.9503],[72.5131,35.9387],[72.5169,35.9321],[72.5128,35.9003],[72.5492,35.8811],[72.5703,35.8486],[72.5797,35.8442],[72.6189,35.8378],[72.6708,35.8183],[72.6886,35.8186],[72.7556,35.8362],[72.7648,35.8332],[72.7752,35.8415],[72.7865,35.8425],[72.7875,35.8493],[72.8111,35.8572],[72.8917,35.8414],[72.9764,35.8339],[73.0288,35.8471],[73.0589,35.8611],[73.0747,35.8644],[73.0925,35.8603],[73.115,35.8478],[73.1242,35.8386],[73.1247,35.8289],[73.1119,35.7708],[73.113,35.7511],[73.1281,35.7164],[73.1572,35.6903],[73.2061,35.6653],[73.2303,35.6439],[73.2811,35.6139],[73.2958,35.6075],[73.3475,35.5994],[73.3636,35.5942],[73.3732,35.5889],[73.3981,35.5571],[73.4674,35.5702],[73.4837,35.5697],[73.4959,35.5599],[73.5073,35.558],[73.5143,35.5614],[73.5347,35.5533],[73.5475,35.5531],[73.5568,35.5469],[73.5841,35.5531],[73.6442,35.5414],[73.6544,35.5358],[73.673,35.5328],[73.7139,35.5322],[73.7417,35.5222],[73.7678,35.52],[73.7787,35.5225],[73.7849,35.4797],[73.7644,35.4494],[73.7489,35.4383],[73.7219,35.4275],[73.7094,35.4136],[73.6954,35.3691],[73.6929,35.3508],[73.6948,35.3184],[73.7187,35.2417],[73.708,35.2225],[73.7335,35.2085],[73.7566,35.2229],[73.7664,35.2334],[73.7757,35.2369],[73.7973,35.2384],[73.8139,35.2311],[73.8397,35.2111],[73.8497,35.2078],[73.8662,35.2062],[73.8994,35.2112],[73.9152,35.208],[73.9246,35.2039],[73.9568,35.1681],[73.9745,35.1788],[73.9947,35.1764],[74.0052,35.171],[74.0048,35.1677],[74.0131,35.1648],[74.0317,35.1433],[74.045,35.1414],[74.0744,35.1508],[74.0852,35.1489],[74.0911,35.1416],[74.0994,35.1425],[74.1121,35.1353],[74.1059,35.1257],[74.1142,35.1224],[74.0933,35.1131],[74.0658,35.09],[74.0614,35.0806],[74.0622,35.0606],[74.0703,35.0503],[74.0668,35.0468],[74.0734,35.0458],[74.0829,35.036],[74.0872,35.025],[74.0853,35.0183],[74.0558,34.9961],[74.0553,34.9717],[74.0517,34.9556],[74.0339,34.9344],[74.0128,34.9164],[73.9864,34.8705],[73.978,34.8638],[73.9674,34.8638],[73.9672,34.8586],[73.9372,34.8494],[73.9125,34.8289],[73.8983,34.8247],[73.8455,34.8286],[73.8294,34.8253],[73.8125,34.8103],[73.7994,34.8036],[73.7603,34.7994],[73.7397,34.7872],[73.7264,34.7753],[73.7205,34.7672],[73.7088,34.7317],[73.698,34.7178],[73.6728,34.7033],[73.6636,34.6944],[73.6611,34.6842],[73.6633,34.6794],[73.659,34.6731],[73.6603,34.6661],[73.6743,34.6597],[73.6744,34.6458],[73.6632,34.6119],[73.6538,34.6005],[73.6565,34.5923],[73.65,34.5775],[73.6411,34.5669],[73.6322,34.564],[73.6252,34.5756],[73.6112,34.5848],[73.5817,34.5878],[73.5674,34.5857],[73.555,34.5896],[73.5447,34.5788],[73.5261,34.5736],[73.4932,34.5748],[73.4538,34.5711],[73.4483,34.5671],[73.4414,34.55],[73.4382,34.5262],[73.4313,34.5227],[73.4364,34.5088],[73.4322,34.479],[73.4219,34.4661],[73.4247,34.4597],[73.4069,34.4244],[73.4008,34.4047],[73.3961,34.3716],[73.4097,34.3231],[73.4305,34.2994],[73.4471,34.2876],[73.4679,34.2495],[73.4782,34.222],[73.488,34.1697],[73.488,34.1253],[73.4944,34.1251],[73.5006,34.0914],[73.5001,34.0733],[73.5078,34.0649],[73.5114,34.0495],[73.5118,34.0395],[73.502,34.0244],[73.4916,33.9833],[73.5332,33.9279],[73.541,33.9069],[73.54,33.8675],[73.5243,33.8123],[73.5341,33.788],[73.5555,33.7647],[73.5626,33.7511],[73.5639,33.7286],[73.536,33.6652],[73.5367,33.6573],[73.5728,33.6068],[73.581,33.5796],[73.5923,33.5604],[73.5966,33.5441],[73.59,33.5314],[73.5797,33.5207],[73.5753,33.5084],[73.5894,33.4829],[73.583,33.464],[73.5589,33.4395],[73.5446,33.4168],[73.539,33.3946],[73.5503,33.3573],[73.5792,33.3148],[73.5844,33.2619],[73.6007,33.2342],[73.6058,33.2181],[73.605,33.1963],[73.5918,33.1703],[73.584,33.144],[73.5813,33.1201],[73.5909,33.1012],[73.6068,33.0886],[73.6488,33.0833],[73.6796,33.0831],[73.695,33.0719],[73.7092,33.0522],[73.7324,33.0437],[73.7438,33.035],[73.7497,33.0154],[73.7538,32.9796],[73.7621,32.9758],[73.7732,32.9846],[73.787,33.0057],[73.7945,33.0036],[73.7979,32.9929],[73.7979,32.987],[73.7899,32.9776],[73.7904,32.9668],[73.7934,32.9658],[73.8093,32.9676],[73.826,32.9773],[73.8257,33.004],[73.8694,33.0028],[73.8919,32.9955],[73.9116,32.9987],[73.925,32.9884],[73.9427,32.9827],[73.9532,32.9705],[73.9535,32.9498],[73.9638,32.9434],[74.0046,32.9482],[73.9987,32.9395],[73.9997,32.9354],[74.0593,32.9215],[74.0634,32.9125],[74.0735,32.9083],[74.0834,32.9092],[74.1168,32.8976],[74.1539,32.8926],[74.167,32.8748],[74.1835,32.8657],[74.2192,32.8547],[74.2196,32.8488],[74.256,32.8432],[74.2661,32.8312],[74.2752,32.8128],[74.3115,32.786],[74.3286,32.7874],[74.3337,32.7804],[74.3513,32.7747],[74.3551,32.767],[74.391,32.7632],[74.3942,32.7721],[74.4029,32.7674],[74.4076,32.779],[74.4153,32.7846],[74.4498,32.7846],[74.4646,32.7759],[74.476,32.7754],[74.4861,32.7644],[74.4944,32.7645],[74.5145,32.7521],[74.5094,32.7472],[74.5165,32.7451],[74.5221,32.747],[74.5315,32.7407],[74.5671,32.7552],[74.5765,32.7544],[74.574,32.7505],[74.5805,32.7485],[74.5824,32.7528],[74.5899,32.7507],[74.5961,32.7565],[74.6215,32.76],[74.6343,32.7496],[74.638,32.7515],[74.6384,32.7586],[74.6304,32.7684],[74.6323,32.7764],[74.6397,32.7821],[74.654,32.7809],[74.658,32.7858],[74.6395,32.8008],[74.6372,32.8108],[74.6405,32.819],[74.6476,32.8244],[74.6615,32.828],[74.6679,32.8251],[74.6835,32.8368],[74.697,32.8397],[74.7004,32.827],[74.6946,32.8095],[74.6675,32.7666],[74.6501,32.7184],[74.6542,32.6925],[74.6756,32.6658],[74.6762,32.658],[74.6692,32.6459],[74.6493,32.6259],[74.6441,32.6151],[74.639,32.6147],[74.6395,32.6035],[74.643,32.6],[74.6524,32.5602],[74.6621,32.5514],[74.6629,32.5445],[74.6812,32.5359],[74.683,32.5296],[74.6792,32.5154],[74.6842,32.4983],[74.6821,32.4936],[74.6879,32.4869],[74.7124,32.483],[74.7112,32.4782],[74.7275,32.4758],[74.7283,32.4808],[74.7405,32.4786],[74.7599,32.4812],[74.7977,32.4765],[74.8005,32.4823],[74.8128,32.4796],[74.8175,32.4954],[74.8355,32.4952],[74.8471,32.4892],[74.8564,32.4927],[74.8653,32.4864],[74.8801,32.4835],[74.8793,32.4767],[74.8997,32.4661],[74.913,32.4673],[74.9174,32.4643],[74.9262,32.4681],[74.9336,32.4676],[74.9417,32.462],[74.947,32.4484],[74.9527,32.4475],[74.9583,32.4531],[74.9731,32.4479],[74.9879,32.4496],[74.9993,32.4575],[75.0033,32.4572],[75.0197,32.4679],[75.0166,32.4708],[75.0168,32.4795],[75.0302,32.4918],[75.0341,32.492],[75.0548,32.4816],[75.0678,32.4778],[75.0699,32.4797],[75.0908,32.4693],[75.0931,32.4705],[75.1209,32.4415],[75.1275,32.4173],[75.1316,32.4145],[75.1333,32.4085],[75.1433,32.414],[75.1885,32.4245],[75.1945,32.4099],[75.1924,32.4019],[75.2076,32.3947],[75.2119,32.4007],[75.221,32.3982],[75.2229,32.3943],[75.2383,32.386],[75.2462,32.387],[75.2601,32.3703],[75.2691,32.3726],[75.2803,32.3673],[75.2883,32.3545],[75.299,32.352],[75.2996,32.3465],[75.3144,32.3428],[75.3223,32.3373],[75.3243,32.3413],[75.3278,32.3261],[75.3332,32.3261],[75.3377,32.3219],[75.3366,32.3166],[75.3301,32.3126],[75.3336,32.311],[75.3205,32.2974],[75.3502,32.2899],[75.3437,32.2786],[75.3711,32.2796],[75.3819,32.269],[75.3807,32.266],[75.3743,32.2659],[75.3708,32.2576],[75.3705,32.2425],[75.3742,32.2414],[75.3716,32.2247],[75.3686,32.2262],[75.3655,32.2199],[75.3574,32.2181],[75.3314,32.2196],[75.3242,32.2111],[75.3164,32.208],[75.3201,32.2041],[75.3101,32.1961],[75.3137,32.1894],[75.3184,32.1875],[75.3164,32.1811],[75.3224,32.1795],[75.3068,32.169],[75.2994,32.1533],[75.2853,32.1515],[75.2773,32.137],[75.2835,32.1319],[75.2794,32.1179],[75.2719,32.1127],[75.2627,32.1119],[75.2662,32.1065],[75.2613,32.1014],[75.2451,32.0997],[75.2403,32.0911],[75.2292,32.0933],[75.2354,32.1035],[75.227,32.1068],[75.2232,32.1024],[75.2237,32.0982],[75.2177,32.1034],[75.2203,32.1077],[75.2158,32.1211],[75.2025,32.1202],[75.2054,32.1091],[75.2041,32.0967],[75.1979,32.0986],[75.196,32.0834],[75.1793,32.0762],[75.1742,32.0675],[75.1662,32.0716],[75.1577,32.0818],[75.1229,32.0814],[75.1208,32.0754],[75.1067,32.0696],[75.1089,32.0647],[75.1049,32.0586],[75.0912,32.0719],[75.0916,32.0658],[75.084,32.06],[75.0754,32.0589],[75.0689,32.0635],[75.0704,32.067],[75.0641,32.0656],[75.068,32.0624],[75.0587,32.0528],[75.0538,32.0543],[75.0407,32.0427],[75.0324,32.0511],[75.0189,32.047],[75.0124,32.0358],[75.0011,32.0412],[74.9716,32.0426],[74.9781,32.0485],[74.9739,32.0535],[74.9494,32.0623],[74.9252,32.0665],[74.9127,32.054],[74.9048,32.0502],[74.8899,32.0552],[74.8886,32.0526],[74.8796,32.0538],[74.8755,32.0509],[74.8726,32.0417],[74.88,32.032],[74.869,32.022],[74.8692,32.028],[74.8627,32.0295],[74.8656,32.0232],[74.8484,32.0205],[74.8532,32.0136],[74.8468,32.0083],[74.839,32.0085],[74.8289,31.9986],[74.8314,31.9809],[74.8191,31.9588],[74.8062,31.9629],[74.8024,31.9579],[74.7815,31.9557],[74.7684,31.9477],[74.7556,31.9558],[74.7566,31.9437],[74.7432,31.9396],[74.7343,31.9452],[74.7309,31.941],[74.7224,31.9427],[74.7141,31.932],[74.7192,31.9237],[74.7065,31.9211],[74.6954,31.9267],[74.6772,31.9261],[74.6743,31.9186],[74.6688,31.9194],[74.6584,31.9103],[74.6576,31.9019],[74.6509,31.9022],[74.6363,31.8842],[74.6294,31.8821],[74.6158,31.8897],[74.6079,31.8904],[74.6074,31.882],[74.6101,31.8785],[74.6066,31.8685],[74.5961,31.8658],[74.5907,31.8486],[74.5833,31.8519],[74.5707,31.837],[74.5731,31.816],[74.5579,31.8048],[74.5671,31.7964],[74.5556,31.7914],[74.5514,31.779],[74.557,31.7706],[74.5549,31.767],[74.5618,31.7633],[74.5594,31.7579],[74.5473,31.7522],[74.5474,31.7494],[74.533,31.7483],[74.5139,31.7401],[74.5089,31.7423],[74.5037,31.7405],[74.5031,31.7285],[74.4905,31.7235],[74.4866,31.715],[74.4993,31.7095],[74.5034,31.7027],[74.5019,31.6958],[74.5241,31.687],[74.5351,31.677],[74.5294,31.6692],[74.5402,31.6601],[74.5373,31.6533],[74.5411,31.6467],[74.5447,31.6484],[74.5553,31.6079],[74.5753,31.6038],[74.5783,31.6],[74.5748,31.5978],[74.5808,31.5942],[74.5809,31.5873],[74.5923,31.5741],[74.6116,31.5681],[74.6068,31.563],[74.6158,31.5577],[74.6182,31.5512],[74.6145,31.5511],[74.6127,31.5272],[74.604,31.5241],[74.596,31.526],[74.5843,31.5209],[74.5803,31.511],[74.5872,31.5043],[74.5852,31.5008],[74.5753,31.5009],[74.5839,31.4967],[74.5937,31.4965],[74.5947,31.5016],[74.6098,31.4999],[74.6144,31.4892],[74.6218,31.4829],[74.6322,31.4867],[74.6275,31.4769],[74.6353,31.4779],[74.6477,31.4656],[74.6529,31.4557],[74.6513,31.452],[74.6402,31.4482],[74.6395,31.4411],[74.6538,31.4279],[74.6436,31.4161],[74.6334,31.419],[74.6274,31.4294],[74.6224,31.4301],[74.6192,31.42],[74.6089,31.4237],[74.6026,31.4158],[74.5966,31.4162],[74.5873,31.3981],[74.5849,31.3809],[74.5774,31.3746],[74.5539,31.3667],[74.5503,31.3609],[74.553,31.3563],[74.5459,31.3408],[74.5487,31.3347],[74.5436,31.3351],[74.5369,31.3302],[74.5339,31.3249],[74.5375,31.3205],[74.5348,31.3135],[74.5264,31.3117],[74.5358,31.3047],[74.5407,31.306],[74.5265,31.2768],[74.5212,31.2721],[74.5237,31.2617],[74.5323,31.2519],[74.5282,31.2401],[74.519,31.2333],[74.5172,31.2268],[74.5245,31.2203],[74.5259,31.212],[74.5248,31.2034],[74.5218,31.2029],[74.5197,31.1843],[74.5124,31.1827],[74.5101,31.1761],[74.5131,31.1643],[74.511,31.1579],[74.5152,31.1521],[74.5104,31.1319],[74.5438,31.1209],[74.5484,31.1219],[74.5515,31.0864],[74.5582,31.0831],[74.5713,31.0814],[74.5738,31.0858],[74.6008,31.088],[74.5994,31.0931],[74.6043,31.0932],[74.6107,31.0993],[74.61,31.1117],[74.5966,31.1285],[74.6108,31.1336],[74.6183,31.1313],[74.6309,31.1327],[74.6324,31.1215],[74.6362,31.1183],[74.659,31.134],[74.6665,31.1244],[74.6891,31.128],[74.6898,31.1183],[74.6981,31.1124],[74.7024,31.0917],[74.6906,31.0815],[74.6959,31.0742],[74.6712,31.0536],[74.613,31.0448],[74.5968,31.0377],[74.5901,31.05],[74.5744,31.0568],[74.5682,31.0547],[74.5614,31.0487],[74.5587,31.0374],[74.5481,31.0327],[74.5397,31.0089],[74.5463,30.9926],[74.5162,30.9795],[74.5087,30.9675],[74.4979,30.9643],[74.4919,30.9744],[74.4814,30.9708],[74.4797,30.9743],[74.4569,30.9643],[74.4664,30.9569],[74.4515,30.9559],[74.4553,30.9514],[74.4421,30.9517],[74.4395,30.9422],[74.4164,30.9403],[74.4139,30.9297],[74.4287,30.9312],[74.4235,30.9207],[74.4103,30.9235],[74.4111,30.9196],[74.4244,30.916],[74.4227,30.9078],[74.3973,30.9094],[74.3829,30.8955],[74.3659,30.8929],[74.3667,30.8857],[74.3608,30.8737],[74.3821,30.8604],[74.3645,30.8574],[74.3685,30.8519],[74.3634,30.8473],[74.355,30.8484],[74.3541,30.8527],[74.3481,30.8549],[74.3204,30.8466],[74.3198,30.8274],[74.2994,30.8046],[74.2949,30.7945],[74.3068,30.7892],[74.3035,30.7816],[74.2976,30.777],[74.2744,30.7735],[74.2673,30.7769],[74.2614,30.7751],[74.2608,30.7699],[74.2737,30.7535],[74.2747,30.744],[74.2865,30.7357],[74.2815,30.7309],[74.2748,30.7371],[74.267,30.7262],[74.2609,30.7231],[74.2488,30.7259],[74.242,30.726],[74.2453,30.723],[74.2327,30.7246],[74.2273,30.7188],[74.2276,30.7129],[74.2233,30.7094],[74.2192,30.6936],[74.1933,30.6652],[74.1818,30.6615],[74.1694,30.6487],[74.1633,30.6484],[74.1491,30.6317],[74.1377,30.6275],[74.1274,30.6348],[74.1269,30.6241],[74.1213,30.6226],[74.1181,30.6079],[74.1051,30.6193],[74.096,30.6116],[74.102,30.6111],[74.1015,30.6033],[74.0953,30.6012],[74.0987,30.5906],[74.0966,30.5873],[74.1021,30.5792],[74.0734,30.5547],[74.08,30.5485],[74.091,30.5494],[74.0723,30.5229],[74.0573,30.5187],[74.0478,30.5396],[74.0392,30.5426],[74.038,30.5316],[74.031,30.5269],[74.0238,30.5261],[74.012,30.5336],[74.0111,30.5211],[74.02,30.5142],[73.9927,30.5143],[73.982,30.504],[73.9759,30.4941],[73.9637,30.4849],[73.9696,30.4783],[73.9641,30.4565],[73.9541,30.4582],[73.9469,30.4639],[73.9477,30.4839],[73.9344,30.4902],[73.9317,30.4672],[73.9278,30.4659],[73.9375,30.4522],[73.9373,30.4451],[73.9263,30.4389],[73.9497,30.437],[73.9601,30.4409],[73.9677,30.4401],[73.9739,30.4441],[73.9663,30.4326],[73.9647,30.4246],[73.9505,30.4181],[73.9356,30.4015],[73.9196,30.3956],[73.9163,30.3857],[73.9043,30.3753],[73.8829,30.3656],[73.8798,30.3597],[73.9027,30.3491],[73.9309,30.3201],[73.94,30.3005],[73.9565,30.2761],[73.9639,30.2572],[73.9726,30.1982],[73.8278,30.0923],[73.8066,30.068],[73.597,30.019],[73.3969,29.946],[73.2821,29.572],[73.0844,29.2363],[73.0044,29.153],[72.9458,29.0279],[72.7331,28.9481],[72.4794,28.8121],[72.4038,28.783],[72.3907,28.7704],[72.3546,28.7335],[72.2992,28.6698],[72.2061,28.3943],[72.1322,28.3131],[72.0043,28.2187],[71.9272,28.1213],[71.8983,27.9612],[71.6664,27.8778],[71.3831,27.8726],[71.2055,27.8354],[70.9827,27.7422],[70.9632,27.7294],[70.9512,27.7289],[70.9061,27.7096],[70.8718,27.7056],[70.7593,27.7213],[70.7507,27.7336],[70.7398,27.7419],[70.7324,27.7603],[70.6844,27.8282],[70.6785,27.873],[70.6774,27.9219],[70.5985,27.9932],[70.5895,28.0105],[70.5543,28.0263],[70.5058,28.037],[70.4395,28.0203],[70.3722,28.0118],[70.2962,27.936],[70.227,27.9014],[70.1977,27.8672],[70.1324,27.806],[70.0687,27.6552],[70.0259,27.5629],[69.9663,27.5235],[69.9339,27.4978],[69.8903,27.4328],[69.8625,27.4018],[69.7833,27.3427],[69.7601,27.321],[69.7027,27.2843],[69.6447,27.2252],[69.5864,27.1827],[69.5133,27.01],[69.4975,26.8661],[69.4844,26.8048],[69.5103,26.7435],[69.7225,26.6533],[69.7919,26.5983],[69.8231,26.589],[69.8868,26.5789],[69.9347,26.5815],[70.0562,26.6006],[70.1172,26.5869],[70.1742,26.5515],[70.1846,26.4817],[70.1769,26.424],[70.1854,26.3743],[70.1791,26.3427],[70.1635,26.2949],[70.1751,26.2515],[70.1682,26.2181],[70.1412,26.1559],[70.0834,26.0833],[70.0998,25.9383],[70.1744,25.8284],[70.1971,25.8155],[70.2224,25.7931],[70.2472,25.7616],[70.2517,25.7553],[70.2627,25.7202],[70.2686,25.7136],[70.3586,25.6801],[70.387,25.6738],[70.4486,25.682],[70.5302,25.6835],[70.6088,25.715],[70.6473,25.7126],[70.6601,25.7022],[70.6739,25.6759],[70.6671,25.5313],[70.6784,25.5257],[70.6714,25.4609],[70.672,25.4203],[70.6648,25.3969],[70.7368,25.3326],[70.7516,25.2778],[70.8887,25.1482],[70.9084,25.0436],[70.9376,24.9386],[70.944,24.9255],[70.9921,24.8635],[71.0265,24.8089],[71.0653,24.7175],[71.0962,24.6887],[71.0857,24.6724],[71.0746,24.662],[71.0498,24.6486],[71.0088,24.6354],[71.0072,24.6289],[70.9991,24.6224],[70.9864,24.5956],[70.9926,24.564],[70.9874,24.5436],[71.0026,24.5302],[71.0049,24.5232],[70.9963,24.4659],[70.9985,24.4444],[71.004,24.4458],[71.0149,24.4426],[71.0373,24.432],[71.0665,24.437],[71.1031,24.4358],[71.1257,24.4201],[71.1219,24.4057],[71.1068,24.3964],[71.0842,24.3945],[71.0661,24.3763],[71.0578,24.3623],[71.0494,24.3561],[71.0202,24.3473],[71.0034,24.3509],[70.9859,24.3652],[70.9548,24.3491],[70.9471,24.3486],[70.923,24.3282],[70.9242,24.3264],[70.8781,24.3019],[70.882,24.3003],[70.8739,24.295],[70.8751,24.2807],[70.8822,24.2733],[70.9086,24.2633],[70.9066,24.2593],[70.8765,24.2457],[70.8516,24.2449],[70.8362,24.2315],[70.8053,24.2208],[70.7405,24.2191],[70.714,24.2157],[70.695,24.2197],[70.668,24.2194],[70.6456,24.2245],[70.5712,24.2516],[70.5744,24.2642],[70.5849,24.278],[70.5845,24.2904],[70.5791,24.2954],[70.5818,24.3043],[70.562,24.3526],[70.5637,24.3562],[70.5803,24.3632],[70.6021,24.4084],[70.5731,24.4223],[70.5579,24.4198],[70.5391,24.4093],[70.4674,24.3878],[70.4395,24.3836],[70.4116,24.3755],[70.3918,24.3604],[70.3685,24.3509],[70.3539,24.3542],[70.3463,24.3516],[70.3268,24.3521],[70.2848,24.3407],[70.2589,24.3306],[70.2539,24.3254],[70.2143,24.3214],[70.166,24.3034],[70.1393,24.3029],[70.1099,24.295],[70.0667,24.1991],[70.051,24.1897],[70.0387,24.1763],[70.0253,24.1711],[69.7315,24.1711],[69.5943,24.2924],[69.5588,24.2804],[69.5035,24.2683],[69.4892,24.2677],[69.4698,24.2711],[69.4447,24.2804],[69.4048,24.2711],[69.3808,24.2693],[69.3667,24.2698],[69.3128,24.2815],[69.1941,24.2364],[69.0948,24.2744],[69.0939,24.2713],[69.034,24.2397],[69.021,24.2284],[69.0033,24.2231],[68.9848,24.2277],[68.9731,24.2605],[68.9455,24.3023],[68.9067,24.2798],[68.8974,24.2639],[68.8798,24.2162],[68.8742,24.212],[68.8568,24.214],[68.8472,24.2388],[68.8434,24.2775],[68.8307,24.3115],[68.8263,24.3172],[68.8202,24.3123],[68.808,24.3135],[68.7645,24.2959],[68.7693,24.2655],[68.7528,23.9718],[68.4017,23.9701],[68.3938,23.9662],[68.3871,23.9684],[68.3773,23.9896],[68.367,23.9915],[68.3616,23.9895],[68.3427,23.9692],[68.3372,23.9569],[68.3373,23.9381],[68.3339,23.9298],[68.3265,23.9257],[68.3161,23.9254],[68.2946,23.9308],[68.28,23.9307],[68.2663,23.918],[68.2531,23.898],[68.2109,23.8776],[68.1999,23.852],[68.1996,23.8104],[68.2056,23.784],[68.2004,23.7673],[68.1846,23.7365],[68.1856,23.716],[68.1956,23.7051],[68.2018,23.6902],[68.207,23.6866],[68.2137,23.6871],[68.2112,23.6809],[68.2131,23.6778],[68.2229,23.6714],[68.2333,23.6695],[68.263,23.6859],[68.267,23.6923],[68.2523,23.7181],[68.2726,23.6896],[68.2894,23.7146],[68.2961,23.7162],[68.3043,23.7244],[68.3126,23.7279],[68.3301,23.729],[68.3102,23.724],[68.2891,23.7088],[68.2832,23.695],[68.2894,23.6996],[68.2914,23.6976],[68.2823,23.6884],[68.2839,23.6841],[68.3001,23.6822],[68.3065,23.6852],[68.3097,23.6835],[68.3061,23.6792],[68.2771,23.6832],[68.2583,23.6724],[68.2584,23.6677],[68.2528,23.6692],[68.242,23.6635],[68.2232,23.6604],[68.2211,23.6564],[68.2326,23.6463],[68.312,23.6526],[68.3237,23.6431],[68.3309,23.6473],[68.3385,23.6421],[68.3461,23.6413],[68.3483,23.6356],[68.3287,23.6438],[68.3233,23.64],[68.3073,23.6501],[68.2596,23.6462],[68.2582,23.643],[68.2808,23.6319],[68.3031,23.6319],[68.3108,23.621],[68.3015,23.628],[68.2781,23.6282],[68.2655,23.6349],[68.2651,23.6265],[68.2704,23.6091],[68.2663,23.597],[68.2626,23.595],[68.2618,23.6029],[68.2675,23.6152],[68.2614,23.6238],[68.2616,23.6349],[68.2466,23.6449],[68.2428,23.6413],[68.2425,23.6315],[68.239,23.6413],[68.2249,23.6439],[68.2129,23.6638],[68.2011,23.6745],[68.1957,23.6745],[68.1794,23.6597],[68.1767,23.6435],[68.1846,23.6439],[68.19,23.6404],[68.1766,23.6395],[68.1713,23.6437],[68.1537,23.6267],[68.1266,23.6199],[68.1238,23.6129]],[[72.9748,20.2257],[72.9794,20.234],[72.9897,20.2388],[72.9986,20.2368],[73.0085,20.229],[73.0013,20.2145],[72.9822,20.2139],[72.975,20.2193],[72.9748,20.2257]],[[79.3492,25.0625],[79.3511,25.0689],[79.3574,25.0683],[79.3638,25.0596],[79.379,25.0644],[79.3747,25.0677],[79.3796,25.0856],[79.3725,25.092],[79.3795,25.099],[79.3739,25.1041],[79.3564,25.1094],[79.3502,25.119],[79.3551,25.1245],[79.353,25.1284],[79.3603,25.1443],[79.3742,25.1426],[79.3643,25.1251],[79.3809,25.1224],[79.3813,25.1071],[79.3863,25.1028],[79.3894,25.0918],[79.3872,25.0857],[79.3987,25.0829],[79.4058,25.077],[79.4047,25.0681],[79.4074,25.0648],[79.4259,25.0586],[79.4239,25.045],[79.4202,25.0406],[79.4093,25.0338],[79.3988,25.0337],[79.374,25.0448],[79.3751,25.0512],[79.3678,25.0544],[79.362,25.0482],[79.3674,25.0455],[79.3642,25.041],[79.3561,25.0405],[79.3598,25.0534],[79.3581,25.0593],[79.3492,25.0625]],[[86.3455,22.8302],[86.353,22.8474],[86.3699,22.8668],[86.3778,22.8524],[86.3718,22.8481],[86.3659,22.8266],[86.3611,22.8256],[86.3455,22.8302]],[[89.79,26.3425],[89.8001,26.3505],[89.8162,26.3427],[89.8231,26.3297],[89.8175,26.3208],[89.7962,26.3329],[89.7982,26.3378],[89.79,26.3425]]],[[[70.8749,20.7154],[70.8762,20.7105],[70.9121,20.6989],[70.9193,20.701],[70.9169,20.7054],[70.9235,20.7106],[70.9331,20.7131],[70.9467,20.707],[70.9655,20.7079],[70.9797,20.7049],[70.9979,20.7134],[70.9993,20.7179],[70.9693,20.7193],[70.9575,20.7237],[70.9485,20.7194],[70.9448,20.7204],[70.9404,20.7301],[70.9306,20.7294],[70.9287,20.7349],[70.9022,20.7319],[70.8819,20.724],[70.8749,20.7154]]],[[[72.1693,10.8196],[72.179,10.8299],[72.2055,10.8775],[72.2036,10.8796],[72.2003,10.8799],[72.1939,10.8724],[72.1874,10.8504],[72.1693,10.8196]]],[[[72.2832,10.0422],[72.288,10.0467],[72.2855,10.0484],[72.2832,10.0422]]],[[[72.284,10.9386],[72.292,10.9381],[72.2881,10.9476],[72.284,10.9386]]],[[[72.3147,10.9447],[72.3248,10.9514],[72.3166,10.9509],[72.3147,10.9447]]],[[[72.3271,10.1306],[72.3316,10.1313],[72.3272,10.1397],[72.3271,10.1306]]],[[[72.6167,10.5432],[72.6355,10.5585],[72.6459,10.5624],[72.6506,10.5704],[72.6484,10.5767],[72.6434,10.5794],[72.64,10.5805],[72.6312,10.5618],[72.6225,10.5491],[72.6177,10.5476],[72.6167,10.5432]]],[[[72.708,11.6834],[72.7115,11.6876],[72.7166,11.6958],[72.7158,11.705],[72.708,11.6834]]],[[[72.7162,11.1249],[72.7195,11.115],[72.7305,11.1268],[72.7338,11.136],[72.7298,11.1379],[72.7202,11.1315],[72.7162,11.1249]]],[[[72.7288,19.4662],[72.7328,19.4593],[72.7368,19.4659],[72.7326,19.4673],[72.7288,19.4662]]],[[[72.7613,11.1839],[72.7898,11.2612],[72.7851,11.258],[72.7787,11.2437],[72.7613,11.1839]]],[[[72.9974,11.4983],[73.0018,11.4941],[73.0076,11.4709],[73.0111,11.4743],[73.0092,11.4887],[73.0014,11.4994],[72.9974,11.4983]]],[[[73.0171,8.2763],[73.0202,8.268],[73.0423,8.2627],[73.0481,8.2639],[73.0681,8.2835],[73.0712,8.3086],[73.0803,8.3265],[73.0772,8.3272],[73.055,8.2832],[73.0387,8.2732],[73.0218,8.2723],[73.0171,8.2763]]],[[[73.6342,10.0724],[73.6404,10.0583],[73.6469,10.0616],[73.6469,10.0735],[73.6509,10.1016],[73.6433,10.0774],[73.6397,10.0723],[73.6342,10.0724]]],[[[73.6571,10.1558],[73.6616,10.1418],[73.6606,10.131],[73.6634,10.1423],[73.6595,10.1553],[73.6571,10.1558]]],[[[73.6588,10.8132],[73.6629,10.8068],[73.6765,10.8053],[73.7004,10.814],[73.6995,10.8174],[73.6673,10.8187],[73.6606,10.818],[73.6588,10.8132]]],[[[79.055,9.1992],[79.0569,9.196],[79.0636,9.2006],[79.0843,9.1917],[79.0893,9.1967],[79.08,9.2032],[79.0751,9.2022],[79.0691,9.2051],[79.0684,9.2106],[79.055,9.1992]]],[[[79.1193,9.217],[79.1235,9.2125],[79.1306,9.2124],[79.1325,9.2178],[79.1228,9.2193],[79.1193,9.217]]],[[[86.7871,20.4046],[86.7881,20.3833],[86.7944,20.3886],[86.7914,20.4016],[86.8071,20.4417],[86.8085,20.4529],[86.8015,20.4703],[86.7983,20.4882],[86.7934,20.4929],[86.7998,20.4688],[86.7959,20.459],[86.7995,20.4537],[86.7995,20.4393],[86.7912,20.4332],[86.7912,20.4108],[86.7871,20.4046]]],[[[86.7961,20.37],[86.7987,20.3646],[86.8073,20.3722],[86.8058,20.3956],[86.7995,20.4],[86.7962,20.395],[86.7979,20.3764],[86.7961,20.37]]],[[[92.204,11.5867],[92.2119,11.5739],[92.2051,11.5572],[92.2048,11.5479],[92.2122,11.5312],[92.2332,11.5254],[92.2458,11.5263],[92.2587,11.5179],[92.2681,11.5232],[92.2721,11.5352],[92.2674,11.5491],[92.2658,11.5716],[92.2684,11.5852],[92.2606,11.5905],[92.2423,11.5927],[92.2328,11.5925],[92.2269,11.5878],[92.2176,11.594],[92.2138,11.5954],[92.2124,11.5897],[92.204,11.5867]]],[[[92.211,10.9812],[92.2165,10.9747],[92.2237,10.9782],[92.2252,10.9837],[92.2222,10.9844],[92.2174,10.9852],[92.211,10.9812]]],[[[92.3783,10.7712],[92.3823,10.7623],[92.3792,10.7417],[92.3839,10.7214],[92.3809,10.7074],[92.3834,10.671],[92.3967,10.6683],[92.4107,10.6454],[92.4204,10.6131],[92.4133,10.6081],[92.4093,10.5822],[92.3956,10.5657],[92.3943,10.5566],[92.3834,10.5432],[92.3851,10.5347],[92.3924,10.532],[92.4077,10.5352],[92.4194,10.5498],[92.4293,10.5511],[92.4523,10.5446],[92.4816,10.5197],[92.4989,10.5134],[92.5126,10.5138],[92.5316,10.5207],[92.5342,10.5315],[92.5412,10.5377],[92.5443,10.5508],[92.5536,10.5583],[92.5686,10.5782],[92.5653,10.5872],[92.5434,10.5932],[92.5394,10.6043],[92.5404,10.6162],[92.5541,10.642],[92.5697,10.6544],[92.5772,10.6539],[92.5774,10.6753],[92.5858,10.6809],[92.5942,10.6781],[92.5971,10.6811],[92.5971,10.7068],[92.5901,10.7184],[92.5876,10.7339],[92.5831,10.7413],[92.5869,10.7822],[92.5858,10.7898],[92.5749,10.7972],[92.572,10.8039],[92.5649,10.8053],[92.5622,10.8102],[92.5607,10.8236],[92.5634,10.8287],[92.5564,10.8503],[92.5599,10.8595],[92.5541,10.8686],[92.5352,10.885],[92.5303,10.8853],[92.5207,10.8976],[92.5132,10.8978],[92.5064,10.8902],[92.4923,10.8895],[92.4796,10.8713],[92.4718,10.8715],[92.4648,10.8644],[92.4664,10.857],[92.4617,10.8611],[92.4581,10.8599],[92.4617,10.856],[92.4598,10.8381],[92.4499,10.8393],[92.439,10.8259],[92.4333,10.8222],[92.428,10.824],[92.4229,10.8021],[92.4106,10.7867],[92.3973,10.7792],[92.3867,10.7852],[92.3864,10.7906],[92.3784,10.7824],[92.3783,10.7712]]],[[[92.5145,11.8483],[92.5197,11.8398],[92.5221,11.8448],[92.5224,11.8387],[92.5182,11.8354],[92.5217,11.8273],[92.523,11.8318],[92.5264,11.8294],[92.5315,11.841],[92.5398,11.8416],[92.543,11.8357],[92.5441,11.849],[92.5385,11.8487],[92.5363,11.8515],[92.5359,11.86],[92.5407,11.8586],[92.5421,11.8514],[92.5448,11.8509],[92.5487,11.8577],[92.5526,11.8331],[92.5469,11.829],[92.5509,11.8115],[92.5587,11.8124],[92.5513,11.807],[92.5524,11.7844],[92.5553,11.7735],[92.5579,11.7766],[92.5623,11.7714],[92.5582,11.7722],[92.5537,11.7668],[92.5508,11.7562],[92.5528,11.7182],[92.5603,11.695],[92.564,11.6923],[92.5716,11.6993],[92.5721,11.729],[92.575,11.7339],[92.5819,11.7348],[92.5856,11.7304],[92.5908,11.7328],[92.5933,11.7256],[92.591,11.7131],[92.595,11.7092],[92.592,11.7026],[92.5983,11.6916],[92.5974,11.6791],[92.5908,11.6702],[92.6087,11.6341],[92.6106,11.6373],[92.6253,11.6285],[92.6296,11.6313],[92.6295,11.6549],[92.6328,11.6606],[92.6382,11.6453],[92.635,11.6403],[92.6415,11.6423],[92.6424,11.6472],[92.6476,11.6453],[92.6441,11.6387],[92.6429,11.6179],[92.6388,11.6122],[92.6299,11.6162],[92.6279,11.6123],[92.6216,11.6144],[92.6157,11.6215],[92.6081,11.6207],[92.6051,11.6074],[92.6081,11.6006],[92.6067,11.5944],[92.615,11.5869],[92.6176,11.588],[92.6196,11.5764],[92.6166,11.5625],[92.6191,11.5611],[92.6282,11.5771],[92.6268,11.5832],[92.6318,11.5897],[92.6332,11.581],[92.649,11.5722],[92.6427,11.5599],[92.6466,11.5553],[92.6507,11.5587],[92.6538,11.55],[92.6465,11.5402],[92.6438,11.5404],[92.645,11.5238],[92.6544,11.5153],[92.6605,11.5146],[92.6629,11.507],[92.6696,11.5043],[92.674,11.5116],[92.683,11.512],[92.6942,11.5062],[92.6945,11.5105],[92.6994,11.5098],[92.6992,11.5031],[92.7037,11.4929],[92.708,11.4903],[92.706,11.4866],[92.7101,11.478],[92.7107,11.4881],[92.7215,11.5134],[92.7256,11.5165],[92.723,11.5334],[92.7306,11.543],[92.733,11.5537],[92.7291,11.5595],[92.738,11.5708],[92.7373,11.58],[92.7405,11.5799],[92.7428,11.5894],[92.7394,11.5932],[92.7508,11.6086],[92.7512,11.6324],[92.7459,11.6394],[92.7468,11.6444],[92.7545,11.6474],[92.7564,11.6556],[92.7531,11.6579],[92.7555,11.6643],[92.7466,11.6686],[92.7482,11.6735],[92.7348,11.6775],[92.7314,11.6732],[92.7309,11.6805],[92.7232,11.6836],[92.7146,11.6775],[92.7175,11.6702],[92.7155,11.6654],[92.7291,11.6614],[92.7293,11.6572],[92.709,11.6511],[92.7115,11.6431],[92.7062,11.642],[92.7005,11.6543],[92.6939,11.6527],[92.695,11.6494],[92.7009,11.6478],[92.6985,11.6386],[92.6929,11.6386],[92.6931,11.6314],[92.6971,11.6287],[92.6939,11.6248],[92.6977,11.6175],[92.7018,11.6162],[92.6829,11.6142],[92.6728,11.6067],[92.6797,11.62],[92.6878,11.6209],[92.6812,11.627],[92.6734,11.6242],[92.6611,11.652],[92.6661,11.6621],[92.6802,11.6618],[92.678,11.6524],[92.6826,11.6506],[92.6854,11.663],[92.6915,11.6651],[92.6921,11.6691],[92.6975,11.6655],[92.7071,11.6714],[92.7001,11.6742],[92.7029,11.683],[92.7014,11.6955],[92.7059,11.7008],[92.7103,11.6952],[92.7125,11.7035],[92.7183,11.7042],[92.7199,11.6986],[92.7306,11.6982],[92.7368,11.6912],[92.7438,11.6909],[92.7414,11.7095],[92.7446,11.714],[92.7536,11.7009],[92.7562,11.7082],[92.7544,11.7257],[92.7576,11.7295],[92.7598,11.7458],[92.7646,11.7516],[92.7641,11.7676],[92.7677,11.772],[92.7661,11.779],[92.7703,11.7848],[92.7689,11.7997],[92.7742,11.8123],[92.7779,11.8285],[92.7758,11.8333],[92.7805,11.8491],[92.7858,11.854],[92.7836,11.8585],[92.7857,11.8805],[92.7912,11.8861],[92.7864,11.886],[92.7782,11.8926],[92.7796,11.8975],[92.7868,11.902],[92.7819,11.9046],[92.7865,11.9188],[92.786,11.9254],[92.7806,11.9315],[92.7829,11.9346],[92.7628,11.9399],[92.7581,11.9364],[92.7648,11.9221],[92.7559,11.9348],[92.751,11.925],[92.7496,11.9314],[92.7454,11.9322],[92.7425,11.9256],[92.7502,11.9234],[92.7431,11.9097],[92.7432,11.9187],[92.7371,11.9182],[92.7331,11.9075],[92.7327,11.8997],[92.7398,11.8982],[92.7337,11.8915],[92.7304,11.8976],[92.7302,11.8812],[92.7355,11.8883],[92.7418,11.8814],[92.7373,11.8786],[92.7357,11.8718],[92.7297,11.8688],[92.7285,11.8598],[92.7321,11.8583],[92.731,11.8534],[92.7271,11.8516],[92.7263,11.8417],[92.7209,11.8369],[92.7214,11.8328],[92.7144,11.8204],[92.709,11.8245],[92.7152,11.8428],[92.7196,11.8449],[92.723,11.8537],[92.7203,11.8673],[92.7169,11.8687],[92.7109,11.8637],[92.7091,11.8568],[92.7018,11.8506],[92.7032,11.8626],[92.6992,11.8656],[92.7047,11.8712],[92.7034,11.8762],[92.7195,11.8769],[92.7167,11.8851],[92.7131,11.882],[92.7044,11.8831],[92.7067,11.8887],[92.7001,11.8917],[92.6924,11.901],[92.6987,11.9043],[92.6994,11.9136],[92.7089,11.8993],[92.713,11.9032],[92.7088,11.9288],[92.7038,11.9271],[92.6979,11.9314],[92.7129,11.943],[92.7037,11.9623],[92.7071,11.9623],[92.7095,11.957],[92.7173,11.9569],[92.7167,11.9613],[92.7121,11.9622],[92.7086,11.9681],[92.7099,11.9723],[92.7181,11.9703],[92.7202,11.9658],[92.7247,11.9696],[92.7305,11.9686],[92.7307,11.9726],[92.7265,11.975],[92.7237,11.9702],[92.7227,11.9788],[92.7109,11.9827],[92.7183,11.9902],[92.7136,11.9931],[92.7258,11.9975],[92.7261,12.0005],[92.7202,12.0047],[92.7233,12.0058],[92.7384,11.9973],[92.7373,11.9885],[92.732,11.983],[92.7346,11.977],[92.7446,11.9828],[92.7453,11.9785],[92.7536,11.9825],[92.7543,11.9881],[92.7471,11.9904],[92.7415,11.9883],[92.7421,11.9953],[92.7684,11.9967],[92.7666,12.0114],[92.7573,12.0075],[92.7557,12.0023],[92.7488,12.0045],[92.7504,12.0158],[92.746,12.0206],[92.7406,12.0188],[92.7353,12.0124],[92.7309,12.0171],[92.7364,12.0203],[92.7282,12.02],[92.7289,12.0245],[92.7357,12.0257],[92.7371,12.03],[92.7335,12.0355],[92.7253,12.0368],[92.7255,12.0396],[92.7368,12.0351],[92.734,12.0429],[92.7392,12.0355],[92.7468,12.0332],[92.7476,12.0257],[92.7512,12.03],[92.7605,12.0195],[92.7673,12.0257],[92.7736,12.0227],[92.7783,12.026],[92.7762,12.033],[92.7823,12.0486],[92.7775,12.0505],[92.7715,12.0463],[92.7639,12.0474],[92.7658,12.0504],[92.7595,12.0509],[92.7607,12.0544],[92.7483,12.0544],[92.7564,12.0621],[92.7555,12.0669],[92.7404,12.0729],[92.7334,12.0893],[92.7338,12.1032],[92.7428,12.1202],[92.7563,12.1629],[92.7557,12.1774],[92.7507,12.1807],[92.7475,12.1757],[92.743,12.1802],[92.7307,12.1816],[92.7169,12.1765],[92.7107,12.1594],[92.7105,12.1477],[92.7036,12.1377],[92.7062,12.1614],[92.7115,12.1723],[92.7048,12.1656],[92.7011,12.1548],[92.7016,12.1741],[92.7117,12.1906],[92.7065,12.1963],[92.7093,12.2109],[92.7052,12.2279],[92.6962,12.2389],[92.6877,12.2352],[92.6835,12.2202],[92.686,12.2135],[92.6825,12.206],[92.6825,12.2122],[92.6781,12.212],[92.6754,12.1868],[92.6763,12.2161],[92.6726,12.2168],[92.6565,12.1808],[92.6526,12.1818],[92.6646,12.2221],[92.6444,12.1786],[92.631,12.1218],[92.6238,12.1075],[92.6194,12.086],[92.6192,12.0635],[92.6248,12.0595],[92.622,12.0485],[92.6274,12.0415],[92.6215,12.0392],[92.6208,12.0304],[92.6238,12.0276],[92.617,12.0237],[92.6125,11.9991],[92.616,11.9929],[92.6118,11.9885],[92.6126,11.9632],[92.6079,11.9221],[92.6139,11.9307],[92.6149,11.9421],[92.6179,11.9454],[92.6155,11.9244],[92.6211,11.9339],[92.6206,11.9214],[92.6179,11.9152],[92.6177,11.9215],[92.6145,11.9197],[92.6125,11.9051],[92.61,11.9131],[92.6084,11.8962],[92.6127,11.8782],[92.6105,11.868],[92.6155,11.8625],[92.6119,11.8629],[92.614,11.8309],[92.61,11.8368],[92.6057,11.8347],[92.601,11.8484],[92.602,11.8576],[92.5962,11.8744],[92.5991,11.8834],[92.597,11.8918],[92.5926,11.8947],[92.5907,11.8727],[92.5951,11.8647],[92.5873,11.8664],[92.5839,11.8599],[92.5814,11.8953],[92.577,11.8947],[92.5717,11.8888],[92.5722,11.8935],[92.5783,11.8968],[92.5803,11.9026],[92.5772,11.9098],[92.5799,11.9148],[92.5719,11.9139],[92.5706,11.9087],[92.5668,11.9166],[92.5709,11.923],[92.5776,11.9194],[92.5777,11.9276],[92.5717,11.9276],[92.5658,11.9392],[92.561,11.9367],[92.5646,11.9433],[92.5613,11.9468],[92.5598,11.9359],[92.5546,11.9288],[92.5588,11.9306],[92.5558,11.917],[92.5501,11.9186],[92.5503,11.9262],[92.5426,11.9233],[92.5414,11.9172],[92.5351,11.9107],[92.5384,11.9035],[92.5277,11.8958],[92.5253,11.8746],[92.5275,11.8726],[92.5322,11.8851],[92.5337,11.8774],[92.531,11.8662],[92.5231,11.8698],[92.5193,11.86],[92.5221,11.8619],[92.5236,11.8552],[92.5214,11.8526],[92.517,11.8561],[92.5145,11.8483]]],[[[92.5289,11.5551],[92.5363,11.5623],[92.5526,11.5619],[92.5542,11.5714],[92.5639,11.5732],[92.562,11.586],[92.5682,11.5896],[92.5619,11.5925],[92.5567,11.585],[92.5436,11.5906],[92.5473,11.6],[92.5417,11.6025],[92.5358,11.6064],[92.5334,11.6026],[92.5313,11.5923],[92.5343,11.583],[92.5315,11.5712],[92.5347,11.5657],[92.5289,11.5551]]],[[[92.5511,11.5371],[92.5516,11.5313],[92.5604,11.517],[92.5657,11.5177],[92.5675,11.5274],[92.5592,11.5334],[92.558,11.541],[92.5511,11.5371]]],[[[92.5552,11.3914],[92.5624,11.3954],[92.557,11.3968],[92.5552,11.3914]]],[[[92.5807,11.3704],[92.5811,11.367],[92.5885,11.3533],[92.6008,11.3462],[92.6191,11.3508],[92.6207,11.3476],[92.6255,11.3496],[92.6375,11.3469],[92.6476,11.3566],[92.6555,11.3572],[92.6636,11.3538],[92.6658,11.361],[92.6773,11.3626],[92.6887,11.3698],[92.6905,11.3759],[92.6865,11.3912],[92.683,11.3892],[92.6764,11.3926],[92.6734,11.3996],[92.6635,11.3945],[92.6596,11.3981],[92.6619,11.4012],[92.6529,11.4074],[92.6456,11.4073],[92.6669,11.4147],[92.674,11.4201],[92.6707,11.4257],[92.6795,11.4282],[92.6842,11.4378],[92.6745,11.4622],[92.6766,11.4708],[92.669,11.4797],[92.6679,11.4891],[92.6636,11.4907],[92.6622,11.4865],[92.6503,11.4917],[92.6417,11.4988],[92.6447,11.5101],[92.6356,11.5122],[92.6357,11.5168],[92.6177,11.4921],[92.6101,11.4584],[92.6198,11.4416],[92.6241,11.4435],[92.6272,11.4329],[92.6219,11.4323],[92.6245,11.4193],[92.6223,11.4052],[92.6172,11.4011],[92.5868,11.4011],[92.5916,11.379],[92.5807,11.3704]]],[[[92.5838,11.5514],[92.5872,11.5338],[92.5909,11.5369],[92.5947,11.5332],[92.5939,11.5445],[92.5967,11.5491],[92.5946,11.5653],[92.5916,11.5639],[92.5935,11.5715],[92.5913,11.5776],[92.587,11.5703],[92.5874,11.5528],[92.5838,11.5514]]],[[[92.5875,11.9731],[92.5937,11.9668],[92.5963,11.9516],[92.5952,11.9294],[92.5978,11.9281],[92.608,11.9433],[92.6019,11.9669],[92.5955,11.9762],[92.5879,11.9768],[92.5875,11.9731]]],[[[92.5947,11.9151],[92.5954,11.9062],[92.5983,11.9138],[92.5947,11.9151]]],[[[92.5995,11.5681],[92.6027,11.569],[92.6014,11.5741],[92.6138,11.5629],[92.6176,11.5767],[92.6134,11.5832],[92.6104,11.5885],[92.6006,11.5853],[92.5995,11.5681]]],[[[92.5996,11.5331],[92.6009,11.5242],[92.6046,11.5217],[92.6052,11.5323],[92.6027,11.5334],[92.5996,11.5331]]],[[[92.6042,10.9358],[92.6135,10.9274],[92.6192,10.9298],[92.6169,10.9329],[92.6077,10.9383],[92.6042,10.9358]]],[[[92.6057,11.5508],[92.6058,11.5389],[92.6093,11.5314],[92.6143,11.5398],[92.6144,11.5356],[92.618,11.5453],[92.6173,11.5598],[92.6136,11.5532],[92.6131,11.5588],[92.61,11.5588],[92.6094,11.5473],[92.6136,11.5432],[92.6111,11.5404],[92.6057,11.5508]]],[[[92.6502,12.8461],[92.665,12.8117],[92.6638,12.7986],[92.6576,12.7953],[92.6687,12.7887],[92.6746,12.8084],[92.6812,12.8092],[92.6873,12.8141],[92.6839,12.8296],[92.6765,12.8261],[92.678,12.832],[92.6731,12.8361],[92.6785,12.8391],[92.6917,12.8351],[92.6995,12.8402],[92.7028,12.845],[92.7013,12.8484],[92.7137,12.8632],[92.7186,12.8748],[92.7126,12.8778],[92.7127,12.8834],[92.7181,12.8813],[92.7205,12.8896],[92.7196,12.9199],[92.7148,12.9227],[92.7202,12.9246],[92.7213,12.9445],[92.7128,12.943],[92.7182,12.9566],[92.7186,12.9823],[92.7116,12.9824],[92.7035,12.9896],[92.7,12.9879],[92.6947,12.9913],[92.6875,12.9902],[92.6822,12.9849],[92.6792,12.9758],[92.6715,12.9682],[92.6688,12.9559],[92.6721,12.9499],[92.6789,12.9465],[92.6717,12.9305],[92.6704,12.9083],[92.6644,12.9015],[92.6665,12.8965],[92.664,12.8818],[92.6559,12.8697],[92.6504,12.8673],[92.6502,12.8461]]],[[[92.6581,10.9844],[92.6612,10.982],[92.6679,10.9857],[92.6665,10.9915],[92.6596,10.9912],[92.6581,10.9844]]],[[[92.6682,12.5349],[92.6687,12.531],[92.6777,12.522],[92.6841,12.5392],[92.6767,12.5406],[92.6725,12.5413],[92.6682,12.5349]]],[[[92.672,11.1864],[92.6756,11.1774],[92.6796,11.1806],[92.6765,11.1829],[92.6754,11.1893],[92.672,11.1864]]],[[[92.6787,12.2192],[92.6816,12.2145],[92.682,12.2235],[92.6787,12.2192]]],[[[92.6841,12.6038],[92.7003,12.6002],[92.7073,12.594],[92.7035,12.5902],[92.7065,12.5855],[92.7043,12.5791],[92.7081,12.5756],[92.7045,12.5654],[92.7092,12.5602],[92.7082,12.5511],[92.7118,12.5499],[92.7126,12.5444],[92.7088,12.5467],[92.7042,12.544],[92.6993,12.5255],[92.7018,12.5213],[92.7002,12.516],[92.6954,12.5128],[92.7009,12.5107],[92.7023,12.4994],[92.708,12.4931],[92.7006,12.4705],[92.7055,12.4516],[92.7014,12.4457],[92.7022,12.4354],[92.6975,12.4192],[92.6997,12.4085],[92.6973,12.3891],[92.699,12.3795],[92.7033,12.3798],[92.7053,12.3709],[92.6995,12.3661],[92.6997,12.3268],[92.7042,12.3308],[92.7082,12.329],[92.7065,12.3231],[92.7103,12.3101],[92.7139,12.3143],[92.7193,12.3001],[92.7416,12.302],[92.7528,12.2961],[92.7571,12.2984],[92.7567,12.3039],[92.7632,12.3144],[92.7637,12.3018],[92.7706,12.3187],[92.7783,12.3132],[92.7916,12.3107],[92.7935,12.3065],[92.8017,12.3132],[92.8097,12.3157],[92.8313,12.3027],[92.847,12.3082],[92.8554,12.3179],[92.86,12.3192],[92.8555,12.3305],[92.8576,12.3356],[92.8616,12.3369],[92.8713,12.33],[92.8821,12.3329],[92.8798,12.3347],[92.881,12.3441],[92.885,12.3437],[92.8952,12.3335],[92.8988,12.3337],[92.8851,12.3553],[92.878,12.3597],[92.8721,12.3528],[92.868,12.3617],[92.8599,12.3612],[92.8572,12.3638],[92.8585,12.3719],[92.8504,12.3855],[92.8462,12.3856],[92.8463,12.3895],[92.8381,12.3939],[92.8393,12.4076],[92.8238,12.4083],[92.8293,12.4114],[92.8338,12.4103],[92.8277,12.4236],[92.8295,12.4283],[92.8095,12.4337],[92.8044,12.4388],[92.7944,12.4361],[92.7934,12.4464],[92.7897,12.4473],[92.789,12.4526],[92.7934,12.4474],[92.7972,12.4529],[92.7955,12.46],[92.7989,12.4555],[92.795,12.445],[92.7958,12.4379],[92.8042,12.441],[92.8094,12.4362],[92.8371,12.432],[92.8455,12.4235],[92.8562,12.4229],[92.8628,12.4266],[92.8707,12.4214],[92.8739,12.4136],[92.8852,12.4252],[92.8859,12.4217],[92.8953,12.4155],[92.8987,12.4174],[92.8881,12.433],[92.8765,12.4414],[92.8721,12.4401],[92.8471,12.46],[92.8403,12.4713],[92.8423,12.4785],[92.8355,12.4866],[92.8368,12.4912],[92.8229,12.4988],[92.8369,12.4934],[92.838,12.4845],[92.843,12.4806],[92.8433,12.4704],[92.8534,12.4574],[92.855,12.4645],[92.8558,12.4565],[92.8683,12.4462],[92.8832,12.451],[92.8772,12.4448],[92.8907,12.4368],[92.9084,12.4201],[92.9056,12.4073],[92.9146,12.4067],[92.9176,12.4288],[92.9215,12.4365],[92.9178,12.4369],[92.9163,12.4431],[92.9222,12.4424],[92.9306,12.4492],[92.9362,12.4474],[92.9407,12.4504],[92.9496,12.4654],[92.9562,12.4672],[92.9573,12.4731],[92.9504,12.4759],[92.9444,12.4724],[92.942,12.4671],[92.9388,12.4691],[92.9325,12.4656],[92.9209,12.466],[92.9311,12.4672],[92.9339,12.4709],[92.9292,12.4794],[92.9379,12.482],[92.9439,12.4979],[92.9477,12.4993],[92.9608,12.4866],[92.9678,12.4965],[92.9656,12.5007],[92.9518,12.5026],[92.9499,12.5067],[92.955,12.5065],[92.9635,12.5143],[92.9616,12.5213],[92.9667,12.5226],[92.9725,12.5309],[92.9738,12.5431],[92.9693,12.5589],[92.9586,12.5771],[92.9603,12.5838],[92.9558,12.5929],[92.9548,12.6154],[92.9531,12.6],[92.9485,12.6064],[92.947,12.6172],[92.9415,12.6219],[92.942,12.6276],[92.946,12.6307],[92.9563,12.6247],[92.9648,12.694],[92.958,12.6982],[92.9634,12.7008],[92.9698,12.7125],[92.9794,12.7085],[92.9726,12.7202],[92.9669,12.7199],[92.9634,12.7308],[92.9676,12.74],[92.9617,12.7464],[92.9597,12.7548],[92.9507,12.757],[92.9473,12.762],[92.9481,12.7699],[92.9379,12.7669],[92.9313,12.7757],[92.9322,12.782],[92.9474,12.7931],[92.9481,12.8006],[92.9523,12.8057],[92.9454,12.8179],[92.942,12.832],[92.9325,12.8339],[92.937,12.8261],[92.9366,12.8204],[92.9321,12.8205],[92.9287,12.8305],[92.9252,12.8269],[92.9212,12.8299],[92.9376,12.8437],[92.9398,12.8551],[92.9347,12.854],[92.926,12.8582],[92.9281,12.8646],[92.9243,12.8837],[92.9138,12.8894],[92.9107,12.8855],[92.9058,12.8891],[92.9097,12.8934],[92.9097,12.9032],[92.9209,12.9096],[92.9222,12.9153],[92.9162,12.9098],[92.9095,12.9084],[92.9017,12.9148],[92.9012,12.9107],[92.8978,12.9137],[92.8997,12.9227],[92.8967,12.9268],[92.8927,12.9165],[92.8959,12.8982],[92.8852,12.8932],[92.8782,12.8951],[92.8717,12.8926],[92.87,12.8895],[92.8747,12.8847],[92.8737,12.881],[92.8436,12.8751],[92.8387,12.8787],[92.8419,12.8901],[92.8282,12.8849],[92.8208,12.896],[92.8017,12.8969],[92.7905,12.8899],[92.7933,12.8711],[92.7924,12.8637],[92.7826,12.8617],[92.7801,12.8516],[92.7809,12.8409],[92.7852,12.8327],[92.7841,12.8241],[92.7802,12.8236],[92.7802,12.8085],[92.7789,12.8246],[92.7721,12.8307],[92.7726,12.8425],[92.7664,12.8485],[92.7657,12.8362],[92.7534,12.8483],[92.7427,12.8387],[92.7417,12.8218],[92.7402,12.8364],[92.7369,12.8302],[92.7367,12.81],[92.7304,12.8362],[92.7234,12.8283],[92.7198,12.7991],[92.7209,12.7965],[92.7277,12.7999],[92.7361,12.7941],[92.7351,12.7872],[92.728,12.7991],[92.7196,12.7888],[92.731,12.7533],[92.7295,12.7442],[92.7348,12.738],[92.7373,12.7387],[92.74,12.7251],[92.7448,12.7221],[92.7399,12.7216],[92.7382,12.7055],[92.7414,12.701],[92.7285,12.6977],[92.727,12.6931],[92.7329,12.6892],[92.7355,12.6818],[92.7319,12.6748],[92.7424,12.6719],[92.7514,12.6751],[92.7619,12.6714],[92.7684,12.6729],[92.7829,12.6926],[92.7845,12.7081],[92.7757,12.7149],[92.7755,12.7189],[92.7827,12.7198],[92.7772,12.7159],[92.7889,12.704],[92.7878,12.6916],[92.793,12.6858],[92.7896,12.6809],[92.7955,12.6792],[92.7952,12.6711],[92.7891,12.6711],[92.7875,12.6657],[92.7924,12.6631],[92.7964,12.6653],[92.7986,12.6596],[92.788,12.6521],[92.7855,12.6553],[92.7804,12.6553],[92.7805,12.6298],[92.7849,12.6265],[92.783,12.6181],[92.7812,12.622],[92.784,12.6256],[92.7787,12.6297],[92.7782,12.6602],[92.7732,12.6705],[92.767,12.6678],[92.7511,12.6715],[92.7505,12.6664],[92.7432,12.6677],[92.7404,12.6607],[92.7333,12.6564],[92.7352,12.6387],[92.7253,12.6327],[92.7238,12.6262],[92.7205,12.6263],[92.7236,12.6204],[92.7198,12.6184],[92.7215,12.6228],[92.7201,12.6261],[92.7214,12.6276],[92.7185,12.6427],[92.7146,12.6428],[92.71,12.617],[92.7023,12.6047],[92.7023,12.6122],[92.6938,12.6068],[92.6854,12.6126],[92.6841,12.6038]]],[[[92.6875,11.2431],[92.6915,11.2433],[92.6937,11.2528],[92.7049,11.2639],[92.7044,11.2897],[92.6938,11.2845],[92.6921,11.2803],[92.6959,11.2632],[92.6875,11.2431]]],[[[92.6921,11.6607],[92.6996,11.6591],[92.6974,11.664],[92.6921,11.6607]]],[[[92.6935,12.7991],[92.7087,12.773],[92.7123,12.7377],[92.7073,12.7314],[92.7118,12.7204],[92.7171,12.7195],[92.7177,12.7562],[92.7228,12.743],[92.7247,12.7483],[92.7216,12.7601],[92.7111,12.7788],[92.7133,12.8293],[92.7074,12.83],[92.7056,12.8183],[92.7002,12.8138],[92.699,12.8036],[92.6935,12.7991]]],[[[92.6947,12.2472],[92.6982,12.2436],[92.6965,12.2501],[92.6947,12.2472]]],[[[92.6954,11.3098],[92.7077,11.2995],[92.7168,11.3156],[92.723,11.3185],[92.7224,11.333],[92.7185,11.3322],[92.7112,11.3136],[92.7057,11.3095],[92.6983,11.3119],[92.6954,11.3098]]],[[[92.6954,13.0963],[92.6987,13.0723],[92.7057,13.0714],[92.7023,13.0782],[92.7086,13.0892],[92.7193,13.0957],[92.7188,13.0984],[92.6954,13.0963]]],[[[92.6988,12.2744],[92.7025,12.2722],[92.7,12.2646],[92.7034,12.2445],[92.7091,12.2304],[92.7189,12.2838],[92.723,12.2911],[92.7226,12.2951],[92.7097,12.2974],[92.7044,12.3002],[92.7013,12.2906],[92.7026,12.2822],[92.6988,12.2744]]],[[[92.7069,12.8372],[92.7112,12.8321],[92.7175,12.8353],[92.7289,12.8617],[92.7261,12.8654],[92.7209,12.8661],[92.7176,12.8625],[92.7069,12.8372]]],[[[92.7083,12.6919],[92.7112,12.6803],[92.7151,12.6895],[92.713,12.6929],[92.7083,12.6919]]],[[[92.7141,12.7786],[92.7181,12.7786],[92.7166,12.7722],[92.7239,12.762],[92.7207,12.7788],[92.7167,12.788],[92.7141,12.7786]]],[[[92.7145,11.9106],[92.7191,11.9028],[92.7236,11.9093],[92.7234,11.9245],[92.7189,11.9346],[92.7148,11.9261],[92.7145,11.9106]]],[[[92.7161,9.1554],[92.7236,9.1334],[92.7292,9.1262],[92.7598,9.1265],[92.767,9.13],[92.7749,9.124],[92.7856,9.1209],[92.8005,9.1231],[92.8093,9.1287],[92.8089,9.1321],[92.8142,9.1372],[92.8267,9.1408],[92.8253,9.1526],[92.8287,9.1699],[92.8222,9.1814],[92.8233,9.1905],[92.8173,9.2109],[92.8127,9.2189],[92.7925,9.2385],[92.7747,9.2582],[92.7719,9.2576],[92.776,9.2484],[92.7722,9.2315],[92.768,9.2286],[92.7688,9.2233],[92.7637,9.2168],[92.7488,9.2166],[92.7455,9.2137],[92.728,9.2203],[92.7204,9.2183],[92.7175,9.2093],[92.7161,9.1554]]],[[[92.7162,12.6867],[92.7225,12.6928],[92.7194,12.6964],[92.7162,12.6867]]],[[[92.7208,12.2332],[92.7238,12.2213],[92.7214,12.2137],[92.7224,12.1883],[92.7291,12.1929],[92.7322,12.1848],[92.7468,12.1804],[92.7497,12.1843],[92.7559,12.1846],[92.7582,12.1911],[92.7615,12.19],[92.7586,12.1857],[92.763,12.1829],[92.767,12.199],[92.7651,12.2022],[92.7609,12.2005],[92.7611,12.2283],[92.7577,12.23],[92.7553,12.2203],[92.7511,12.2189],[92.7534,12.2304],[92.744,12.2279],[92.7388,12.2362],[92.7367,12.2282],[92.7439,12.2229],[92.7391,12.223],[92.7344,12.2187],[92.7322,12.2097],[92.7294,12.2144],[92.7298,12.2315],[92.7347,12.2396],[92.7291,12.2426],[92.7208,12.2332]]],[[[92.7212,11.9835],[92.7265,11.9879],[92.7247,11.9902],[92.7212,11.9835]]],[[[92.7216,12.7362],[92.7269,12.7272],[92.7288,12.7306],[92.7241,12.736],[92.7216,12.7362]]],[[[92.723,11.9469],[92.7249,11.9416],[92.7307,11.9447],[92.728,11.9466],[92.732,11.96],[92.7256,11.9566],[92.723,11.9469]]],[[[92.7244,12.1858],[92.7289,12.1844],[92.7286,12.1891],[92.7244,12.1858]]],[[[92.7256,11.1451],[92.7296,11.142],[92.7331,11.1453],[92.7298,11.1488],[92.7256,11.1451]]],[[[92.7325,12.2468],[92.7446,12.2679],[92.7476,12.283],[92.7487,12.2885],[92.7456,12.2879],[92.7351,12.2696],[92.7395,12.2751],[92.7325,12.2468]]],[[[92.7338,12.2882],[92.7351,12.2806],[92.7372,12.2926],[92.7338,12.2882]]],[[[92.736,11.9517],[92.7393,11.9535],[92.745,11.9454],[92.764,11.9525],[92.7642,11.9652],[92.7616,11.9659],[92.7555,11.9666],[92.7448,11.9603],[92.7419,11.9617],[92.736,11.9517]]],[[[92.7377,12.0986],[92.7391,12.0797],[92.7435,12.075],[92.7506,12.0746],[92.7578,12.0815],[92.7549,12.0757],[92.7633,12.0637],[92.7779,12.0736],[92.7811,12.0803],[92.7825,12.0715],[92.7885,12.0753],[92.7884,12.0801],[92.7919,12.0789],[92.7925,12.0873],[92.8003,12.0907],[92.8016,12.0956],[92.7955,12.1016],[92.7921,12.0992],[92.7864,12.1035],[92.7926,12.1035],[92.798,12.1084],[92.8054,12.1034],[92.814,12.1051],[92.8181,12.1141],[92.8028,12.1265],[92.8037,12.1313],[92.8156,12.1246],[92.8178,12.1275],[92.8151,12.1385],[92.8216,12.1409],[92.8188,12.1457],[92.8282,12.1575],[92.8214,12.1647],[92.8279,12.1635],[92.8346,12.167],[92.8422,12.1571],[92.842,12.1494],[92.8457,12.1475],[92.8551,12.1587],[92.8564,12.1635],[92.8509,12.1671],[92.8548,12.1694],[92.8573,12.1855],[92.8549,12.1919],[92.8456,12.1898],[92.8469,12.1965],[92.844,12.1959],[92.8529,12.2046],[92.8669,12.1925],[92.8817,12.1929],[92.8841,12.1981],[92.8828,12.2029],[92.874,12.2057],[92.8706,12.226],[92.8581,12.2434],[92.8581,12.2491],[92.8643,12.2522],[92.8773,12.2514],[92.8821,12.2573],[92.8878,12.2577],[92.8912,12.2667],[92.8838,12.2699],[92.8816,12.2636],[92.8767,12.2871],[92.8724,12.2918],[92.8677,12.2903],[92.8718,12.3],[92.8545,12.3051],[92.8489,12.3021],[92.8449,12.3044],[92.8291,12.3003],[92.8104,12.313],[92.8016,12.3113],[92.7949,12.3036],[92.7834,12.3111],[92.7761,12.3099],[92.7707,12.313],[92.7668,12.2975],[92.7696,12.2966],[92.7716,12.3019],[92.7755,12.3008],[92.777,12.2919],[92.7816,12.2866],[92.7632,12.2636],[92.7492,12.274],[92.7482,12.2631],[92.741,12.2454],[92.7471,12.2438],[92.7463,12.2351],[92.7564,12.2351],[92.7592,12.2407],[92.7621,12.2397],[92.762,12.2338],[92.7693,12.2512],[92.7749,12.2424],[92.7697,12.2383],[92.7699,12.2136],[92.765,12.2139],[92.7694,12.2008],[92.7688,12.184],[92.7606,12.1684],[92.7633,12.1652],[92.7585,12.1595],[92.7629,12.1563],[92.7574,12.1543],[92.7594,12.1462],[92.7457,12.1242],[92.7377,12.0986]]],[[[92.7483,12.8965],[92.7503,12.8909],[92.7523,12.8934],[92.7483,12.8965]]],[[[92.7521,12.8896],[92.7553,12.8925],[92.7563,12.902],[92.7566,12.9084],[92.7532,12.9137],[92.7545,12.901],[92.7521,12.8896]]],[[[92.7522,12.2776],[92.7579,12.2698],[92.7614,12.2711],[92.7638,12.2652],[92.7663,12.2724],[92.765,12.2929],[92.7601,12.2933],[92.7522,12.2776]]],[[[92.7531,12.1457],[92.754,12.1412],[92.7576,12.1465],[92.7562,12.1499],[92.7531,12.1457]]],[[[92.7546,12.1806],[92.7586,12.1768],[92.7577,12.1655],[92.7623,12.1794],[92.7592,12.1808],[92.7546,12.1806]]],[[[92.7569,12.8457],[92.7656,12.8365],[92.7655,12.8496],[92.7625,12.8522],[92.7598,12.8597],[92.7569,12.8457]]],[[[92.7591,12.9319],[92.763,12.9256],[92.7658,12.9286],[92.7646,12.9346],[92.7603,12.9369],[92.7591,12.9319]]],[[[92.7598,11.6768],[92.7622,11.6694],[92.7653,11.677],[92.7598,11.6768]]],[[[92.7601,12.8674],[92.7623,12.8558],[92.7655,12.8564],[92.7652,12.87],[92.7601,12.8674]]],[[[92.7613,12.9217],[92.7643,12.918],[92.7655,12.9263],[92.7613,12.9217]]],[[[92.7674,12.8517],[92.7747,12.8414],[92.7746,12.8293],[92.7834,12.8244],[92.7847,12.8322],[92.7806,12.8397],[92.7797,12.8499],[92.7798,12.8591],[92.7766,12.864],[92.7731,12.8609],[92.7678,12.8618],[92.7698,12.8585],[92.7674,12.8517]]],[[[92.7687,12.9249],[92.7715,12.9175],[92.7755,12.9275],[92.7722,12.9325],[92.7687,12.9249]]],[[[92.7703,12.017],[92.7712,12.0131],[92.7754,12.0161],[92.7703,12.017]]],[[[92.7735,12.9118],[92.7737,12.9059],[92.7797,12.9018],[92.787,12.9057],[92.7889,12.9032],[92.782,12.8955],[92.792,12.8921],[92.8003,12.8975],[92.7911,12.9153],[92.78,12.9104],[92.7735,12.9118]]],[[[92.7813,12.8841],[92.788,12.8834],[92.7894,12.8882],[92.7911,12.8912],[92.7818,12.8924],[92.7813,12.8841]]],[[[92.7879,13.0195],[92.7915,13.0127],[92.8001,13.0098],[92.8049,13.0125],[92.8054,13.007],[92.8112,13.01],[92.8143,13.0075],[92.8157,13.012],[92.8232,13.0133],[92.8259,13.0176],[92.8225,13.0034],[92.8154,12.9987],[92.8102,12.9993],[92.8065,12.9943],[92.817,12.99],[92.8125,12.9822],[92.8019,12.9851],[92.7998,12.9916],[92.7933,12.986],[92.7961,12.9635],[92.7925,12.9684],[92.7897,12.9641],[92.7922,12.9581],[92.7903,12.953],[92.7925,12.9502],[92.7986,12.9506],[92.8001,12.9399],[92.7974,12.9299],[92.7921,12.9284],[92.7951,12.9184],[92.7935,12.914],[92.8008,12.8999],[92.8237,12.8966],[92.8274,12.8877],[92.8313,12.8872],[92.838,12.8924],[92.8428,12.8908],[92.8408,12.8773],[92.8727,12.8838],[92.8684,12.8897],[92.8741,12.9087],[92.8694,12.9091],[92.8646,12.9045],[92.8648,12.9009],[92.858,12.9012],[92.8538,12.9127],[92.8587,12.9175],[92.8554,12.937],[92.8701,12.9347],[92.876,12.9445],[92.8724,12.9484],[92.876,12.9579],[92.8729,12.9632],[92.8804,12.9696],[92.8776,12.9729],[92.8823,12.9791],[92.8808,12.9829],[92.8952,12.9954],[92.898,12.9948],[92.8971,12.9873],[92.9059,12.983],[92.908,12.9495],[92.9116,12.9473],[92.9142,12.9586],[92.921,12.9626],[92.9264,12.9585],[92.9295,12.9618],[92.9274,12.969],[92.9332,12.9673],[92.9352,12.9748],[92.9333,12.9793],[92.9269,12.9739],[92.9242,12.9763],[92.93,12.9893],[92.9154,12.9828],[92.9112,12.9902],[92.915,12.9913],[92.9145,12.9983],[92.9084,12.9961],[92.9049,13.0024],[92.9071,13.007],[92.9017,13.0218],[92.9145,13.052],[92.9089,13.0568],[92.8965,13.0579],[92.8864,13.0439],[92.8857,13.0453],[92.8972,13.0598],[92.9099,13.0625],[92.9121,13.0694],[92.9083,13.0766],[92.8998,13.0813],[92.8992,13.091],[92.896,13.0942],[92.8855,13.0923],[92.8911,13.1009],[92.8884,13.1139],[92.8819,13.124],[92.8825,13.1264],[92.8741,13.1312],[92.8765,13.1353],[92.8834,13.1274],[92.8827,13.1234],[92.8874,13.1179],[92.8923,13.1007],[92.8876,13.0932],[92.8984,13.0959],[92.9022,13.0809],[92.9121,13.0768],[92.9195,13.0586],[92.9247,13.0581],[92.9276,13.063],[92.9326,13.0605],[92.9348,13.0642],[92.9337,13.0889],[92.9396,13.0939],[92.9403,13.1093],[92.9407,13.0955],[92.9389,13.091],[92.9348,13.089],[92.9373,13.0697],[92.9413,13.0629],[92.9403,13.0572],[92.9442,13.0545],[92.9354,13.052],[92.9331,13.048],[92.9354,13.0396],[92.9505,13.0292],[92.9539,13.019],[92.9653,13.014],[92.9746,13.0142],[92.9671,13.0182],[92.9652,13.0365],[92.9702,13.0297],[92.9889,13.0259],[92.9894,13.0333],[92.9942,13.0358],[93.0049,13.0313],[93.0096,13.0404],[93.0086,13.0451],[93.0123,13.0498],[93.019,13.0516],[93.0287,13.0668],[93.0275,13.0704],[93.0183,13.0736],[93.0284,13.0814],[93.0334,13.0817],[93.0297,13.1289],[93.0361,13.1405],[93.0329,13.1648],[93.0356,13.172],[93.031,13.1775],[93.0358,13.1958],[93.0443,13.2101],[93.0412,13.2231],[93.0553,13.2333],[93.057,13.2597],[93.0627,13.2644],[93.0646,13.2712],[93.044,13.2587],[93.0391,13.2685],[93.0459,13.2786],[93.0393,13.2806],[93.0326,13.2756],[93.0355,13.268],[93.027,13.2689],[93.0314,13.2734],[93.0309,13.2792],[93.0259,13.2814],[93.0238,13.2761],[93.0109,13.2768],[93.0093,13.2814],[93.0156,13.2886],[93.0114,13.294],[93.0201,13.2943],[93.0199,13.2979],[93.0014,13.3037],[93.0006,13.2999],[92.9956,13.2973],[92.9864,13.2986],[93.0001,13.2882],[92.9905,13.2916],[92.9829,13.2985],[92.9938,13.3012],[92.9969,13.3149],[92.9846,13.3181],[92.9774,13.3247],[92.9596,13.3282],[92.9558,13.335],[92.9581,13.3392],[92.9558,13.3461],[92.9595,13.3462],[92.9617,13.3571],[92.9685,13.3586],[92.97,13.3472],[92.9742,13.3494],[92.9745,13.3435],[92.9825,13.3291],[92.9883,13.33],[92.9884,13.3422],[93.0027,13.3542],[93.0321,13.3458],[93.0322,13.3485],[93.0389,13.3511],[93.0389,13.358],[93.0328,13.3623],[93.0397,13.368],[93.0321,13.3757],[93.0405,13.3753],[93.0483,13.3794],[93.0515,13.39],[93.0623,13.392],[93.067,13.3979],[93.0685,13.4068],[93.0574,13.3976],[93.0609,13.4182],[93.0589,13.4201],[93.0569,13.413],[93.048,13.4034],[93.0425,13.4047],[93.0423,13.4112],[93.0337,13.4175],[93.0381,13.4232],[93.037,13.4272],[93.0314,13.4233],[93.0286,13.4281],[93.0142,13.432],[93.013,13.4339],[93.0051,13.4316],[93.0164,13.4298],[93.0131,13.4222],[93.0072,13.4183],[93.0129,13.4248],[93.0076,13.4245],[93.0048,13.4316],[93.0016,13.4325],[93.0162,13.4353],[93.0187,13.4317],[93.0259,13.4341],[93.0313,13.4324],[93.0343,13.4435],[93.0321,13.456],[93.0281,13.46],[93.0165,13.4622],[93.0225,13.468],[93.0315,13.4647],[93.0361,13.4799],[93.0337,13.4848],[93.0382,13.4863],[93.0383,13.4991],[93.0419,13.5052],[93.0436,13.5255],[93.0302,13.5676],[93.026,13.5784],[93.0203,13.5685],[93.019,13.5738],[93.0155,13.5708],[93.0174,13.5663],[93.0132,13.5392],[93.0064,13.544],[93.0048,13.5537],[92.9905,13.5644],[92.9924,13.5706],[92.9876,13.5735],[92.9837,13.5621],[92.9849,13.5568],[92.9811,13.5539],[92.9837,13.5394],[92.9891,13.5325],[92.9852,13.5277],[92.9723,13.5294],[92.9724,13.5355],[92.966,13.5439],[92.9505,13.5418],[92.948,13.5323],[92.944,13.5316],[92.9383,13.5358],[92.9429,13.5367],[92.9346,13.5385],[92.9152,13.5335],[92.9132,13.5268],[92.9168,13.522],[92.9263,13.5215],[92.9251,13.5066],[92.9333,13.499],[92.9281,13.4908],[92.9252,13.4986],[92.9203,13.495],[92.9194,13.5003],[92.9049,13.497],[92.8995,13.4772],[92.895,13.475],[92.8853,13.4776],[92.874,13.4705],[92.8707,13.472],[92.8701,13.466],[92.8754,13.4597],[92.8732,13.4527],[92.8752,13.4444],[92.8799,13.4455],[92.8837,13.4316],[92.8768,13.4259],[92.8763,13.422],[92.8698,13.4241],[92.8677,13.4197],[92.8733,13.4125],[92.8771,13.4138],[92.882,13.3975],[92.8853,13.4013],[92.882,13.4046],[92.8849,13.4073],[92.8869,13.402],[92.8926,13.403],[92.897,13.4001],[92.893,13.397],[92.8898,13.4],[92.8831,13.3942],[92.873,13.4022],[92.871,13.4124],[92.8646,13.4002],[92.8585,13.4042],[92.8584,13.4081],[92.85,13.4111],[92.8435,13.407],[92.8411,13.3986],[92.8415,13.3915],[92.852,13.3911],[92.8519,13.3872],[92.8585,13.3854],[92.863,13.3905],[92.8659,13.3881],[92.8655,13.3813],[92.8536,13.3782],[92.8474,13.3703],[92.8405,13.3776],[92.8352,13.3669],[92.8321,13.3522],[92.8338,13.3381],[92.826,13.3291],[92.8284,13.3114],[92.8226,13.311],[92.8329,13.3052],[92.8391,13.3067],[92.8417,13.3014],[92.8345,13.2941],[92.8384,13.2879],[92.8297,13.2859],[92.8239,13.2882],[92.8249,13.2806],[92.8215,13.2796],[92.8271,13.2682],[92.8305,13.2741],[92.8346,13.2723],[92.8377,13.2618],[92.8496,13.2634],[92.8531,13.2567],[92.8488,13.244],[92.8548,13.234],[92.8495,13.2392],[92.8436,13.2363],[92.8392,13.2418],[92.8306,13.2426],[92.8269,13.2364],[92.8255,13.2235],[92.8293,13.2249],[92.8239,13.2176],[92.8324,13.2143],[92.8213,13.2012],[92.8231,13.1938],[92.8179,13.1846],[92.8241,13.1794],[92.8242,13.1834],[92.8345,13.1753],[92.8339,13.1706],[92.8276,13.1739],[92.8251,13.1694],[92.8232,13.1744],[92.8133,13.1678],[92.8126,13.1536],[92.8211,13.1458],[92.8304,13.151],[92.8328,13.1443],[92.8364,13.1478],[92.8415,13.1468],[92.8441,13.1418],[92.8474,13.1444],[92.8466,13.1386],[92.8418,13.1393],[92.8389,13.1365],[92.8428,13.1305],[92.8391,13.1272],[92.8349,13.1305],[92.8333,13.1234],[92.8304,13.1244],[92.828,13.1321],[92.8248,13.1288],[92.8228,13.1342],[92.8189,13.1328],[92.8182,13.1279],[92.8095,13.1269],[92.8157,13.1147],[92.8232,13.116],[92.8261,13.1123],[92.8213,13.1118],[92.8187,13.1027],[92.8218,13.0954],[92.8141,13.0989],[92.8122,13.1034],[92.8067,13.0994],[92.8046,13.0872],[92.8089,13.0835],[92.8061,13.0803],[92.8113,13.0801],[92.8115,13.0767],[92.8043,13.0749],[92.8004,13.0818],[92.7999,13.0922],[92.7936,13.0914],[92.7966,13.0804],[92.7916,13.0533],[92.7959,13.0471],[92.7926,13.0477],[92.7959,13.0389],[92.7916,13.0378],[92.7944,13.0305],[92.7879,13.0195]]],[[[92.8131,13.4183],[92.8141,13.4051],[92.8177,13.4166],[92.8131,13.4183]]],[[[92.8197,13.4268],[92.8218,13.4212],[92.8311,13.4191],[92.845,13.4314],[92.8428,13.4358],[92.8418,13.4419],[92.8344,13.4368],[92.8247,13.439],[92.8197,13.4268]]],[[[92.8289,12.426],[92.8295,12.4208],[92.834,12.417],[92.8418,12.4159],[92.8419,12.4206],[92.8371,12.4249],[92.836,12.422],[92.8369,12.4251],[92.8289,12.426]]],[[[92.8426,12.4016],[92.8439,12.3951],[92.8595,12.3891],[92.8601,12.3812],[92.867,12.3774],[92.8719,12.3848],[92.8844,12.381],[92.8819,12.3886],[92.8892,12.3926],[92.8929,12.4006],[92.8895,12.4003],[92.8874,12.408],[92.8816,12.3985],[92.8753,12.4004],[92.8719,12.4061],[92.8653,12.4033],[92.8542,12.4094],[92.8454,12.4061],[92.8426,12.4016]]],[[[92.856,12.3147],[92.8673,12.3138],[92.8694,12.3174],[92.877,12.3128],[92.8859,12.3225],[92.8906,12.3171],[92.8948,12.3173],[92.9,12.3235],[92.8967,12.3269],[92.8899,12.3247],[92.8857,12.3273],[92.8861,12.3323],[92.8712,12.3292],[92.8612,12.3363],[92.8578,12.3348],[92.857,12.3285],[92.861,12.3233],[92.8605,12.3191],[92.856,12.3147]]],[[[92.8582,12.4176],[92.862,12.4126],[92.8686,12.4148],[92.8671,12.4206],[92.8582,12.4176]]],[[[92.8582,12.9278],[92.8716,12.9161],[92.8688,12.9256],[92.8729,12.9295],[92.8822,12.9224],[92.8829,12.9265],[92.8738,12.9316],[92.8647,12.931],[92.861,12.9331],[92.8582,12.9278]]],[[[92.8605,12.2434],[92.866,12.2352],[92.8683,12.2486],[92.864,12.2507],[92.8605,12.2434]]],[[[92.8677,13.5052],[92.8698,13.5023],[92.873,13.506],[92.8697,13.5129],[92.8677,13.5052]]],[[[92.8683,12.2393],[92.8773,12.2087],[92.8834,12.2107],[92.882,12.2162],[92.886,12.2165],[92.8879,12.2216],[92.8855,12.2248],[92.8902,12.228],[92.9036,12.2226],[92.9076,12.2282],[92.9101,12.2201],[92.9131,12.219],[92.9137,12.2317],[92.9103,12.2413],[92.8998,12.2559],[92.8869,12.2526],[92.8838,12.2488],[92.8841,12.2391],[92.8786,12.2381],[92.877,12.2491],[92.8726,12.249],[92.8683,12.2393]]],[[[92.8809,13.5816],[92.8839,13.5748],[92.892,13.5878],[92.9026,13.5968],[92.9018,13.6006],[92.8952,13.6012],[92.8855,13.5824],[92.8809,13.5816]]],[[[92.8981,12.4218],[92.9029,12.4215],[92.9007,12.4261],[92.8981,12.4218]]],[[[92.9003,12.2745],[92.9033,12.2712],[92.9066,12.2753],[92.9135,12.2726],[92.9132,12.2665],[92.9164,12.2637],[92.9196,12.2693],[92.9217,12.2591],[92.9168,12.2502],[92.9165,12.2401],[92.9227,12.2294],[92.934,12.2492],[92.9269,12.253],[92.9295,12.2606],[92.9414,12.2779],[92.9323,12.2885],[92.9344,12.3026],[92.933,12.3108],[92.929,12.3058],[92.9284,12.2825],[92.9183,12.2836],[92.9184,12.2888],[92.9123,12.2927],[92.9008,12.2883],[92.9003,12.2745]]],[[[92.9046,13.5309],[92.9115,13.5342],[92.9073,13.5366],[92.9046,13.5309]]],[[[92.9075,12.3418],[92.9095,12.3382],[92.9162,12.3483],[92.9146,12.3555],[92.9099,12.3522],[92.9075,12.3418]]],[[[92.9132,13.043],[92.917,13.0398],[92.9162,13.0481],[92.9132,13.043]]],[[[92.9132,13.5074],[92.918,13.5115],[92.915,13.5143],[92.9132,13.5074]]],[[[92.9147,13.0147],[92.9193,13.0035],[92.926,12.9998],[92.9311,13.0021],[92.9353,12.996],[92.9425,12.9973],[92.9386,13.0123],[92.9414,13.019],[92.9377,13.0202],[92.936,13.0261],[92.9286,13.0238],[92.9236,13.0293],[92.921,13.028],[92.9207,13.0208],[92.9147,13.0147]]],[[[92.9181,12.3764],[92.9185,12.3713],[92.9315,12.3599],[92.9357,12.3764],[92.9414,12.3821],[92.9441,12.4057],[92.9513,12.409],[92.9591,12.4218],[92.9555,12.4247],[92.9545,12.4343],[92.9516,12.4291],[92.9485,12.4294],[92.9474,12.4156],[92.9369,12.4218],[92.9318,12.4186],[92.9247,12.4041],[92.924,12.3909],[92.9267,12.3867],[92.9181,12.3764]]],[[[92.9241,12.2151],[92.9244,12.2081],[92.934,12.1993],[92.9317,12.2145],[92.9385,12.2153],[92.9351,12.224],[92.9268,12.2221],[92.9241,12.2151]]],[[[92.9245,11.9978],[92.9328,11.9851],[92.9381,11.9863],[92.9597,11.9808],[92.9728,11.9487],[92.9845,11.9455],[92.9903,11.9523],[92.9945,11.9517],[92.9998,11.9367],[93.0064,11.93],[93.0218,11.9009],[93.0239,11.8898],[93.037,11.8823],[93.0437,11.8844],[93.0527,11.8994],[93.0457,11.9122],[93.045,11.9236],[93.0356,11.948],[93.0296,11.9486],[93.0269,11.9523],[93.0249,11.9649],[93.0054,12.0022],[93.0085,12.0159],[92.9954,12.0376],[92.9734,12.0451],[92.9665,12.0411],[92.9637,12.0508],[92.9593,12.0305],[92.9453,12.0103],[92.9279,12.0059],[92.9276,11.9998],[92.9245,11.9978]]],[[[92.9303,12.9168],[92.9338,12.911],[92.938,12.9179],[92.934,12.9203],[92.9303,12.9168]]],[[[92.9484,12.091],[92.9505,12.0847],[92.9497,12.0923],[92.9561,12.0988],[92.9513,12.1119],[92.9486,12.1117],[92.9484,12.091]]],[[[92.9511,12.9805],[92.9646,12.9691],[92.9616,12.9673],[92.9638,12.9634],[92.9582,12.962],[92.9531,12.9675],[92.953,12.9615],[92.9571,12.9562],[92.971,12.9551],[92.9746,12.9458],[92.9709,12.9427],[92.972,12.9361],[92.9791,12.9328],[92.9814,12.9349],[92.9804,12.9507],[92.9868,12.9543],[92.9726,12.9633],[92.9857,12.9753],[92.992,12.9862],[92.9984,12.9886],[93.0053,12.9968],[92.9914,12.9913],[92.9846,12.994],[92.9875,12.9842],[92.979,12.9793],[92.981,12.9764],[92.9755,12.9742],[92.971,12.9664],[92.966,12.9691],[92.9602,12.9801],[92.9672,12.9819],[92.9583,12.9885],[92.9511,12.9805]]],[[[92.9521,12.1471],[92.9545,12.123],[92.9625,12.1134],[92.9638,12.1177],[92.973,12.1145],[92.9774,12.1081],[92.9874,12.1122],[93.0028,12.1121],[93.0038,12.1175],[92.9973,12.1293],[92.9969,12.1573],[92.9873,12.16],[92.9732,12.1526],[92.9577,12.1525],[92.9521,12.1471]]],[[[92.9538,12.9425],[92.9692,12.9456],[92.9625,12.9477],[92.9575,12.9489],[92.9538,12.9425]]],[[[92.9544,12.0811],[92.9565,12.0694],[92.9614,12.0638],[92.9954,12.0418],[93.0046,12.0476],[93.0001,12.0841],[93.0052,12.1036],[92.9993,12.1062],[92.9855,12.1106],[92.9771,12.1071],[92.9712,12.1063],[92.9637,12.1116],[92.9571,12.1092],[92.9585,12.1],[92.9557,12.0914],[92.9567,12.0869],[92.9608,12.0849],[92.9544,12.0811]]],[[[92.9761,13.6537],[92.9826,13.6507],[92.9852,13.6426],[92.9951,13.6452],[92.9986,13.652],[93.0112,13.6489],[93.0183,13.6322],[93.0226,13.6275],[93.0278,13.6284],[93.031,13.6339],[93.0242,13.6472],[93.0204,13.6708],[93.0139,13.6728],[93.0096,13.6709],[93.009,13.6661],[93.0183,13.6689],[93.0182,13.6647],[93.0112,13.657],[93.0123,13.6613],[92.995,13.6647],[92.9834,13.6632],[92.9827,13.6532],[92.9809,13.6572],[92.9761,13.6537]]],[[[92.9961,13.3059],[92.9964,13.3002],[93.0017,13.3041],[93.0127,13.3028],[93.0085,13.3098],[93.0049,13.3064],[93.0077,13.3208],[92.9961,13.3059]]],[[[93.0024,12.1244],[93.0067,12.1166],[93.0083,12.0991],[93.0065,12.0781],[93.0237,12.0718],[93.0333,12.0612],[93.0393,12.0475],[93.0442,12.0459],[93.0505,12.0563],[93.0446,12.057],[93.0502,12.061],[93.0514,12.0708],[93.0491,12.0814],[93.0432,12.0828],[93.0352,12.0931],[93.028,12.1195],[93.0329,12.1247],[93.0217,12.1448],[93.0267,12.1444],[93.025,12.1549],[93.0275,12.1653],[93.023,12.1641],[93.0203,12.1566],[93.0094,12.1502],[93.0033,12.1374],[93.0024,12.1244]]],[[[93.0121,11.8498],[93.0148,11.83],[93.0196,11.8314],[93.0495,11.813],[93.0576,11.8153],[93.0703,11.8352],[93.0681,11.8413],[93.0623,11.8443],[93.043,11.8409],[93.0359,11.8361],[93.0172,11.8443],[93.0121,11.8498]]],[[[93.0139,13.3081],[93.0211,13.3039],[93.0201,13.3211],[93.0227,13.3288],[93.0168,13.3292],[93.0154,13.3264],[93.0139,13.3081]]],[[[93.0155,13.3425],[93.0173,13.3366],[93.0184,13.3452],[93.0155,13.3425]]],[[[93.0211,12.2757],[93.0255,12.2743],[93.0283,12.2797],[93.0211,12.2757]]],[[[93.0257,8.4538],[93.0295,8.4461],[93.0344,8.4426],[93.0481,8.4414],[93.0459,8.4626],[93.0346,8.472],[93.0318,8.4708],[93.0257,8.4538]]],[[[93.0362,13.372],[93.0402,13.369],[93.0385,13.3605],[93.0457,13.3482],[93.0406,13.3378],[93.0387,13.3228],[93.0464,13.3221],[93.0532,13.3292],[93.0595,13.3296],[93.0625,13.306],[93.0683,13.3064],[93.0703,13.3232],[93.0761,13.3313],[93.0887,13.336],[93.0855,13.3435],[93.0781,13.3412],[93.0774,13.3473],[93.0713,13.3466],[93.061,13.3607],[93.0551,13.3788],[93.0537,13.3823],[93.0476,13.3731],[93.0447,13.3751],[93.0362,13.372]]],[[[93.0364,12.1337],[93.0381,12.1267],[93.0448,12.1285],[93.0488,12.1192],[93.0508,12.1288],[93.0535,12.1231],[93.0596,12.1234],[93.0669,12.1312],[93.0643,12.1235],[93.0702,12.1233],[93.0686,12.1163],[93.0631,12.1212],[93.0566,12.1089],[93.074,12.0837],[93.0836,12.09],[93.0845,12.0979],[93.0883,12.0984],[93.086,12.1025],[93.0883,12.1064],[93.0835,12.1057],[93.0864,12.1161],[93.0817,12.1238],[93.0862,12.123],[93.0875,12.1274],[93.0841,12.1323],[93.0905,12.1354],[93.0878,12.1418],[93.0941,12.1422],[93.0937,12.1464],[93.0866,12.1509],[93.0799,12.1467],[93.0865,12.1645],[93.0877,12.1754],[93.0843,12.1793],[93.0754,12.1801],[93.0657,12.1737],[93.0716,12.1802],[93.0855,12.1845],[93.0795,12.1862],[93.0849,12.1924],[93.0808,12.198],[93.0679,12.199],[93.0759,12.2045],[93.0719,12.2103],[93.0672,12.2116],[93.0563,12.1942],[93.0425,12.1594],[93.0364,12.1337]]],[[[93.0422,13.6368],[93.0461,13.6212],[93.0535,13.6361],[93.054,13.6431],[93.066,13.6519],[93.0563,13.6539],[93.0571,13.6513],[93.0422,13.6368]]],[[[93.049,12.1167],[93.051,12.1104],[93.0578,12.1175],[93.056,12.1197],[93.0541,12.1165],[93.049,12.1167]]],[[[93.0517,13.5651],[93.0527,13.5599],[93.0557,13.566],[93.0517,13.5651]]],[[[93.0623,12.2298],[93.0803,12.2256],[93.0867,12.2344],[93.0934,12.2364],[93.0991,12.2464],[93.1015,12.2406],[93.0897,12.2313],[93.0938,12.2221],[93.0915,12.2141],[93.0983,12.2048],[93.1014,12.2217],[93.0994,12.2327],[93.1041,12.2503],[93.1038,12.2604],[93.1001,12.2607],[93.0977,12.2472],[93.0928,12.2394],[93.0859,12.2377],[93.0814,12.2422],[93.0828,12.2577],[93.0799,12.262],[93.0729,12.2601],[93.0623,12.2298]]],[[[93.0662,13.4225],[93.0699,13.4134],[93.0714,13.4307],[93.0662,13.4225]]],[[[93.0741,8.2967],[93.0752,8.2783],[93.0942,8.2448],[93.1069,8.2338],[93.1066,8.23],[93.1121,8.2252],[93.1559,8.2027],[93.1622,8.2032],[93.1778,8.1958],[93.1908,8.1972],[93.1949,8.2142],[93.1923,8.2187],[93.1845,8.2256],[93.1476,8.2419],[93.1263,8.2623],[93.1166,8.2759],[93.116,8.286],[93.1229,8.3033],[93.1213,8.3122],[93.1298,8.3281],[93.1328,8.3424],[93.1324,8.3484],[93.1219,8.3484],[93.1169,8.3564],[93.1028,8.3479],[93.097,8.3504],[93.0854,8.3397],[93.085,8.3255],[93.0741,8.2967]]],[[[93.0766,11.7806],[93.0801,11.7788],[93.0854,11.7868],[93.0786,11.7867],[93.0766,11.7806]]],[[[93.0862,13.4121],[93.0897,13.4101],[93.0928,13.417],[93.0895,13.4196],[93.0862,13.4121]]],[[[93.0949,13.4343],[93.1012,13.4302],[93.1014,13.4343],[93.0956,13.4377],[93.0949,13.4343]]],[[[93.1092,12.1416],[93.1138,12.1317],[93.1229,12.1407],[93.1198,12.1483],[93.1161,12.1489],[93.1092,12.1416]]],[[[93.2106,8.2492],[93.2154,8.2387],[93.2291,8.2245],[93.2404,8.2279],[93.2359,8.2498],[93.2293,8.2614],[93.2269,8.2654],[93.219,8.2637],[93.2122,8.2578],[93.2106,8.2492]]],[[[93.3011,7.961],[93.3128,7.9289],[93.3206,7.9253],[93.3233,7.9368],[93.3325,7.9337],[93.3307,7.9466],[93.3259,7.9506],[93.3338,7.9551],[93.3391,7.9539],[93.3419,7.9601],[93.353,7.9596],[93.3502,7.9538],[93.3536,7.948],[93.3535,7.9343],[93.3322,7.9186],[93.3364,7.911],[93.334,7.9063],[93.3407,7.8942],[93.3681,7.8834],[93.3821,7.8927],[93.3866,7.9023],[93.416,7.9076],[93.4323,7.8996],[93.442,7.8844],[93.4423,7.8765],[93.4511,7.8736],[93.4642,7.8937],[93.4511,7.9363],[93.4259,7.9567],[93.4203,7.9685],[93.4136,7.9607],[93.4045,7.9603],[93.393,7.9734],[93.3951,7.9834],[93.3916,7.993],[93.4004,8.0086],[93.3899,8.017],[93.3715,8.0217],[93.361,8.0209],[93.3563,8.0141],[93.3452,8.009],[93.3395,8.0172],[93.3339,8.0122],[93.3241,8.0106],[93.3169,8.0017],[93.3123,7.9912],[93.3144,7.9783],[93.3011,7.961]]],[[[93.4462,8.1462],[93.455,8.1425],[93.4602,8.1447],[93.4637,8.1403],[93.4571,8.1384],[93.4573,8.128],[93.4506,8.1317],[93.4542,8.1353],[93.4488,8.1354],[93.4514,8.1198],[93.4579,8.12],[93.4549,8.1173],[93.4614,8.0989],[93.4686,8.092],[93.4703,8.0972],[93.4803,8.0916],[93.4735,8.087],[93.471,8.0881],[93.4755,8.0535],[93.4809,8.0511],[93.4842,8.0547],[93.485,8.061],[93.4816,8.0636],[93.4869,8.0681],[93.49,8.0666],[93.5016,8.0774],[93.5029,8.0872],[93.5095,8.0834],[93.5137,8.0854],[93.5142,8.0799],[93.5251,8.0816],[93.5165,8.0772],[93.5142,8.0726],[93.5165,8.0702],[93.5225,8.0713],[93.5241,8.0666],[93.5202,8.0682],[93.5241,8.062],[93.5186,8.0653],[93.5151,8.0579],[93.5195,8.0562],[93.5098,8.0481],[93.5014,8.0489],[93.5044,8.0602],[93.5023,8.0687],[93.4988,8.0655],[93.4971,8.0421],[93.501,8.0394],[93.4981,8.0375],[93.4945,8.0429],[93.4892,8.0399],[93.4806,8.0474],[93.476,8.0459],[93.477,8.0186],[93.4831,8.0015],[93.4907,7.9994],[93.4953,8.0011],[93.4955,8.0182],[93.501,8.0169],[93.4949,8.0248],[93.4973,8.036],[93.5057,8.0361],[93.5095,8.04],[93.5138,8.0337],[93.5191,8.0513],[93.5279,8.05],[93.5299,8.0409],[93.5397,8.0374],[93.5392,8.0439],[93.5319,8.0503],[93.5377,8.0512],[93.5403,8.0806],[93.5343,8.0902],[93.5216,8.0975],[93.5157,8.1132],[93.5126,8.1133],[93.5144,8.1196],[93.5054,8.1332],[93.4988,8.137],[93.4931,8.1485],[93.4884,8.1445],[93.4919,8.1514],[93.4965,8.1506],[93.4977,8.1589],[93.4951,8.1638],[93.5036,8.1791],[93.5125,8.1838],[93.5109,8.1864],[93.5197,8.1883],[93.5067,8.1781],[93.5119,8.174],[93.5254,8.1874],[93.5259,8.1843],[93.5196,8.1777],[93.5263,8.1815],[93.5283,8.1932],[93.5343,8.1978],[93.5365,8.2066],[93.5335,8.2287],[93.512,8.2348],[93.4851,8.2237],[93.4816,8.22],[93.4831,8.2109],[93.48,8.1971],[93.4712,8.1924],[93.4667,8.1846],[93.4497,8.1799],[93.447,8.176],[93.4462,8.1462]]],[[[93.4962,7.9952],[93.4986,7.9859],[93.5149,7.9703],[93.5273,7.9661],[93.5288,7.9596],[93.5671,7.9313],[93.5711,7.9402],[93.5718,7.9538],[93.5697,7.9556],[93.5722,7.9648],[93.5695,7.9663],[93.5731,7.973],[93.5697,7.9788],[93.5726,7.9939],[93.5566,8.0163],[93.5545,8.0248],[93.5369,8.028],[93.534,8.0261],[93.5389,8.0154],[93.5415,8.0174],[93.541,8.0106],[93.5459,8.0081],[93.5417,8.0067],[93.5444,7.9909],[93.5303,8.0078],[93.5292,8.014],[93.5319,8.0167],[93.5277,8.0192],[93.5247,8.0149],[93.5247,8.0254],[93.5198,8.0252],[93.5215,8.0068],[93.5136,8],[93.5125,7.9929],[93.5048,7.9954],[93.504,7.9995],[93.4962,7.9952]]],[[[93.5207,7.5269],[93.5294,7.5145],[93.5342,7.5193],[93.5333,7.5257],[93.5306,7.5263],[93.5222,7.5294],[93.5207,7.5269]]],[[[93.5535,8.1211],[93.5608,8.1091],[93.5637,8.1134],[93.5588,8.1204],[93.5656,8.1241],[93.5716,8.1192],[93.5716,8.1147],[93.5662,8.1137],[93.5692,8.1094],[93.5643,8.1094],[93.5661,8.0987],[93.5604,8.0972],[93.5781,8.0742],[93.5786,8.0625],[93.568,8.0743],[93.5647,8.074],[93.5641,8.0628],[93.5836,8.0398],[93.5899,8.0455],[93.5889,8.0564],[93.5809,8.0687],[93.5809,8.0955],[93.5769,8.0905],[93.574,8.0948],[93.5807,8.0992],[93.578,8.1141],[93.5702,8.1272],[93.5535,8.1211]]],[[[93.6012,8.5454],[93.6125,8.5266],[93.6166,8.509],[93.6145,8.4988],[93.6201,8.4887],[93.6175,8.484],[93.6096,8.4801],[93.6146,8.4646],[93.6103,8.4558],[93.6116,8.4363],[93.6085,8.4374],[93.614,8.4254],[93.6172,8.4398],[93.612,8.4503],[93.6171,8.4689],[93.6238,8.473],[93.6283,8.4683],[93.6318,8.4692],[93.6249,8.4959],[93.6268,8.4987],[93.6219,8.507],[93.6279,8.5136],[93.6235,8.5186],[93.6259,8.5238],[93.6148,8.5292],[93.609,8.5443],[93.6106,8.558],[93.6078,8.5713],[93.6031,8.5776],[93.6017,8.5733],[93.6049,8.5665],[93.6015,8.562],[93.6012,8.5454]]],[[[93.6089,7.3113],[93.6171,7.306],[93.6228,7.2892],[93.6196,7.2811],[93.6222,7.2755],[93.6171,7.2698],[93.6362,7.2442],[93.6421,7.2459],[93.658,7.2607],[93.6664,7.2852],[93.6749,7.2932],[93.6863,7.2963],[93.6941,7.3058],[93.7063,7.3075],[93.7132,7.3119],[93.7296,7.3491],[93.7366,7.3552],[93.7358,7.358],[93.7432,7.3621],[93.7434,7.3768],[93.7126,7.3989],[93.7089,7.4044],[93.708,7.4315],[93.7001,7.4455],[93.6924,7.445],[93.6976,7.4215],[93.6923,7.4036],[93.7018,7.4045],[93.7072,7.3844],[93.6945,7.385],[93.7006,7.3936],[93.6858,7.3961],[93.6817,7.3914],[93.6789,7.3933],[93.6712,7.3892],[93.6685,7.3788],[93.6627,7.3753],[93.6579,7.3754],[93.6621,7.3701],[93.6541,7.3665],[93.6595,7.3723],[93.6574,7.3752],[93.655,7.383],[93.6503,7.3827],[93.6453,7.3752],[93.6369,7.3703],[93.6285,7.3757],[93.6205,7.3721],[93.6216,7.3377],[93.6303,7.336],[93.626,7.3335],[93.6247,7.3229],[93.6089,7.3113]]],[[[93.6178,7.3264],[93.6229,7.3282],[93.62,7.3312],[93.6178,7.3264]]],[[[93.6328,7.4732],[93.6404,7.4727],[93.6366,7.4785],[93.6328,7.4732]]],[[[93.6353,8.395],[93.644,8.3896],[93.6429,8.3946],[93.6353,8.395]]],[[[93.6459,7.1181],[93.6515,7.113],[93.6566,7.119],[93.6648,7.1146],[93.6552,7.1039],[93.6474,7.1013],[93.6473,7.0951],[93.6524,7.086],[93.657,7.0872],[93.6604,7.0795],[93.6543,7.0724],[93.655,7.0672],[93.6609,7.0654],[93.6568,7.0481],[93.6586,7.0408],[93.6656,7.037],[93.6616,7.0291],[93.6671,7.0244],[93.6631,7.0194],[93.6629,7.0119],[93.6569,7.0095],[93.66,7.0036],[93.6655,7.0034],[93.6706,7.0174],[93.6778,7.0187],[93.6927,7.0124],[93.6982,7.0036],[93.6957,6.9953],[93.6977,6.9921],[93.7038,6.9947],[93.7183,6.991],[93.7257,6.9776],[93.7238,6.9712],[93.7282,6.9667],[93.7283,6.9602],[93.7373,6.9642],[93.741,6.9585],[93.7395,6.9521],[93.7437,6.9452],[93.7438,6.9308],[93.734,6.9282],[93.7394,6.9135],[93.7443,6.9073],[93.7561,6.9171],[93.7584,6.9098],[93.7554,6.9078],[93.7607,6.9011],[93.7603,6.8966],[93.7697,6.8907],[93.7744,6.8992],[93.7769,6.8905],[93.7697,6.8841],[93.7866,6.8788],[93.7838,6.8724],[93.7768,6.8795],[93.769,6.8791],[93.7642,6.8755],[93.7683,6.8696],[93.7655,6.865],[93.7728,6.8555],[93.7805,6.8561],[93.7844,6.8508],[93.7943,6.8519],[93.7979,6.8478],[93.793,6.8442],[93.786,6.8446],[93.7797,6.8347],[93.7805,6.8289],[93.7891,6.8226],[93.7973,6.8104],[93.802,6.8125],[93.8022,6.8205],[93.8077,6.8214],[93.8128,6.8165],[93.8146,6.8108],[93.803,6.8043],[93.8031,6.7959],[93.8111,6.7952],[93.8121,6.7908],[93.8038,6.7888],[93.8027,6.7852],[93.8085,6.7791],[93.8,6.7688],[93.8014,6.7628],[93.822,6.7543],[93.8297,6.7551],[93.8335,6.7688],[93.8406,6.7777],[93.8432,6.7897],[93.8405,6.8007],[93.8456,6.8168],[93.8514,6.8186],[93.8519,6.8156],[93.8604,6.816],[93.8749,6.8016],[93.8766,6.7939],[93.883,6.7981],[93.8838,6.8041],[93.8916,6.8059],[93.8974,6.8162],[93.8956,6.8203],[93.9042,6.8349],[93.8992,6.8405],[93.8903,6.841],[93.8876,6.8456],[93.8867,6.8639],[93.8941,6.8717],[93.8954,6.8784],[93.8899,6.8932],[93.8935,6.8961],[93.89,6.9021],[93.8956,6.9071],[93.9021,6.9052],[93.9087,6.9127],[93.903,6.9274],[93.9068,6.9323],[93.9096,6.9316],[93.9103,6.9428],[93.9143,6.9487],[93.9216,6.9544],[93.9379,6.9503],[93.9395,6.9579],[93.9302,6.9632],[93.928,6.9701],[93.9233,6.9728],[93.9246,6.9824],[93.9224,6.9865],[93.9085,6.9927],[93.9092,7.0003],[93.918,7.0103],[93.9254,7.0095],[93.9284,7],[93.9396,6.9925],[93.943,6.9986],[93.941,7.0079],[93.9333,7.0108],[93.9235,7.0275],[93.9164,7.0233],[93.9111,7.0255],[93.9123,7.0309],[93.9073,7.0401],[93.9115,7.0454],[93.9012,7.0646],[93.9024,7.07],[93.8977,7.0803],[93.8874,7.0823],[93.8802,7.0908],[93.8761,7.1057],[93.8811,7.1223],[93.8802,7.1287],[93.8754,7.1311],[93.8765,7.154],[93.872,7.1657],[93.8732,7.1696],[93.8689,7.1726],[93.8676,7.1792],[93.8712,7.1862],[93.8673,7.195],[93.8696,7.2045],[93.8641,7.2051],[93.8557,7.2183],[93.8449,7.2151],[93.8351,7.2192],[93.8311,7.2271],[93.8378,7.234],[93.8373,7.24],[93.8378,7.2445],[93.8335,7.2402],[93.8266,7.243],[93.8203,7.2369],[93.8166,7.2391],[93.7991,7.2328],[93.796,7.2173],[93.802,7.2146],[93.7965,7.2116],[93.7922,7.2141],[93.7941,7.2043],[93.7821,7.2145],[93.7654,7.2132],[93.7743,7.2066],[93.7807,7.207],[93.7772,7.202],[93.778,7.1957],[93.7711,7.2044],[93.7549,7.2095],[93.7528,7.2145],[93.7437,7.213],[93.7406,7.2088],[93.7454,7.2004],[93.7402,7.2009],[93.7401,7.2047],[93.7346,7.2021],[93.7226,7.189],[93.714,7.1876],[93.7079,7.1885],[93.7051,7.1927],[93.6947,7.1927],[93.688,7.1893],[93.6809,7.1934],[93.6743,7.1901],[93.6727,7.1847],[93.6637,7.1776],[93.6635,7.164],[93.6679,7.1537],[93.6657,7.1415],[93.663,7.1386],[93.6565,7.14],[93.6538,7.1311],[93.6464,7.1302],[93.6459,7.1181]]],[[[93.6711,7.4094],[93.6753,7.4],[93.6826,7.4011],[93.6783,7.4066],[93.6789,7.4113],[93.6711,7.4094]]],[[[93.696,7.228],[93.7016,7.2092],[93.7074,7.208],[93.7092,7.2152],[93.705,7.2211],[93.6983,7.2318],[93.696,7.228]]],[[[93.7507,7.401],[93.7519,7.3979],[93.7591,7.3976],[93.7563,7.4035],[93.7548,7.4057],[93.7507,7.401]]]]}}]}